担当部署,受付番号,現在の契約区分,変更後の契約区分期間,意見欄,現行計画,変更後の計画,利用開始年月日,契約期限,延長期限,終了年月日,受付状態,利用状態,仮確定年月日,受付時＿識別番号,管理番号,拠点,申込日,申込者氏名
拠点B 第一部門,受付BB26-000002,基本契約,標準契約（１年）,"5月分の申込内容と提出資料を確認しました。
連絡は平日の午後を希望しています。
日程が変わる場合は、候補日を二つ案内してください。
次回は変更後の計画を確認します。以上は架空の内容です。",2025/10/01～2026/09/30,2026/10/01～2027/09/30,20251001,20260930,20261130,,確認中,利用中,,AB10000002CD,TESTMASTER0002,拠点B,2026/04/10,申込者B
拠点A 第一部門,受付AA26-000003,基本契約,標準契約（１年）,"5月分の申込内容と提出資料を確認しました。
連絡は平日の午後を希望しています。
日程が変わる場合は、候補日を二つ案内してください。
次回は変更後の計画を確認します。以上は架空の内容です。",2025/10/01～2026/09/30,2026/10/01～2027/09/30,20251001,20260930,20261130,,確認中,利用中,,AB10000003CD,TESTMASTER0003,拠点A,2026/04/10,申込者C
拠点A 第一部門,受付AA26-000009,基本契約,標準契約（１年）,"5月分の申込内容と提出資料を確認しました。
連絡は平日の午後を希望しています。
日程が変わる場合は、候補日を二つ案内してください。
次回は変更後の計画を確認します。以上は架空の内容です。",2025/10/01～2026/09/30,2026/10/01～2027/09/30,20251001,20260930,20261130,,確認中,利用中,,AB10000009CD,TESTMASTER0009,拠点A,2026/05/10,申込者I
拠点A 第一部門,受付BB26-000010,基本契約,標準契約（１年）,"5月分の申込内容と提出資料を確認しました。
連絡は平日の午後を希望しています。
日程が変わる場合は、候補日を二つ案内してください。
次回は変更後の計画を確認します。以上は架空の内容です。",2025/10/01～2026/09/30,2026/10/01～2027/09/30,20251001,20260930,20261130,,確認中,利用中,,AB10000010CD,TESTMASTER0010,拠点A,2026/05/10,申込者J
拠点A 第一部門,受付AA26-000011,基本契約,標準契約（１年）,"5月分の申込内容と提出資料を確認しました。
連絡は平日の午後を希望しています。
日程が変わる場合は、候補日を二つ案内してください。
次回は変更後の計画を確認します。以上は架空の内容です。",2025/10/01～2026/09/30,2026/10/01～2027/09/30,20251001,20260930,20261130,,確認中,利用中,,AB10000011CD,TESTMASTER0011,拠点A,2026/05/10,申込者K
