key1,key2,a_name,b_status,処理済み
00000171,00000252,SAMPLE-A-0000171,DONE,FALSE
00000008,00000167,SAMPLE-A-0000008,DONE,FALSE
00000026,00000037,SAMPLE-A-0000026,DONE,FALSE
00000018,00000611,SAMPLE-A-0000018,VOID,FALSE
00000138,00000185,SAMPLE-A-0000138,OPEN,FALSE
00000113,00000759,SAMPLE-A-0000113,HOLD,FALSE
00000121,00000620,SAMPLE-A-0000121,OPEN,FALSE
00000043,00000656,SAMPLE-A-0000043,VOID,FALSE
00000013,00000813,SAMPLE-A-0000013,HOLD,FALSE
00000193,00000961,SAMPLE-A-0000193,VOID,FALSE
00000058,00000544,SAMPLE-A-0000058,OPEN,FALSE
00000073,00000997,SAMPLE-A-0000073,HOLD,FALSE
00000059,00000580,SAMPLE-A-0000059,DONE,FALSE
00000026,00000867,SAMPLE-A-0000026,VOID,FALSE
00000025,00000441,SAMPLE-A-0000025,DONE,FALSE
00000101,00000199,SAMPLE-A-0000101,DONE,FALSE
00000007,00000773,SAMPLE-A-0000007,VOID,FALSE
00000059,00000782,SAMPLE-A-0000059,OPEN,FALSE
00000019,00000217,SAMPLE-A-0000019,DONE,FALSE
00000009,00000661,SAMPLE-A-0000009,VOID,FALSE
00000117,00000948,SAMPLE-A-0000117,VOID,FALSE
00000061,00000235,SAMPLE-A-0000061,OPEN,FALSE
00000103,00000522,SAMPLE-A-0000103,DONE,FALSE
00000025,00000096,SAMPLE-A-0000025,OPEN,FALSE
00000054,00000244,SAMPLE-A-0000054,HOLD,FALSE
00000003,00000531,SAMPLE-A-0000003,VOID,FALSE
00000032,00000262,SAMPLE-A-0000032,DONE,FALSE
00000018,00000123,SAMPLE-A-0000018,DONE,FALSE
00000169,00000706,SAMPLE-A-0000169,HOLD,FALSE
00000003,00000715,SAMPLE-A-0000003,DONE,FALSE
00000003,00000150,SAMPLE-A-0000003,DONE,FALSE
00000011,00000724,SAMPLE-A-0000011,VOID,FALSE
00000005,00000159,SAMPLE-A-0000005,OPEN,FALSE
00000082,00000594,SAMPLE-A-0000082,OPEN,FALSE
00000125,00000168,SAMPLE-A-0000125,DONE,FALSE
00000057,00000742,SAMPLE-A-0000057,DONE,FALSE
00000027,00000316,SAMPLE-A-0000027,VOID,FALSE
00000153,00000603,SAMPLE-A-0000153,VOID,FALSE
00000182,00000047,SAMPLE-A-0000182,VOID,FALSE
00000017,00000334,SAMPLE-A-0000017,VOID,FALSE
00000043,00000621,SAMPLE-A-0000043,HOLD,FALSE
00000004,00000926,SAMPLE-A-0000004,VOID,FALSE
00000031,00000361,SAMPLE-A-0000031,OPEN,FALSE
00000202,00000648,SAMPLE-A-0000202,DONE,FALSE
00000208,00000509,SAMPLE-A-0000208,OPEN,FALSE
00000022,00000518,SAMPLE-A-0000022,DONE,FALSE
00000005,00000379,SAMPLE-A-0000005,HOLD,FALSE
00000055,00000240,SAMPLE-A-0000055,OPEN,FALSE
00000086,00000388,SAMPLE-A-0000086,DONE,FALSE
00000106,00000962,SAMPLE-A-0000106,VOID,FALSE
00000032,00000536,SAMPLE-A-0000032,OPEN,FALSE
00000008,00000823,SAMPLE-A-0000008,OPEN,FALSE
00000005,00000684,SAMPLE-A-0000005,VOID,FALSE
00000050,00000258,SAMPLE-A-0000050,HOLD,FALSE
00000054,00000545,SAMPLE-A-0000054,HOLD,FALSE
00000161,00000267,SAMPLE-A-0000161,DONE,FALSE
00000002,00000841,SAMPLE-A-0000002,OPEN,FALSE
00000111,00000989,SAMPLE-A-0000111,DONE,FALSE
00000033,00000276,SAMPLE-A-0000033,OPEN,FALSE
00000012,00000850,SAMPLE-A-0000012,DONE,FALSE
00000709,00000155,SAMPLE-A-0000709,OPEN,FALSE
00000157,00000442,SAMPLE-A-0000157,DONE,FALSE
00000040,00000729,SAMPLE-A-0000040,VOID,FALSE
00000506,00000016,SAMPLE-A-0000506,DONE,FALSE
00000189,00000303,SAMPLE-A-0000189,HOLD,FALSE
00000179,00000590,SAMPLE-A-0000179,OPEN,FALSE
00000019,00000877,SAMPLE-A-0000019,OPEN,FALSE
00000159,00000164,SAMPLE-A-0000159,VOID,FALSE
00000581,00000451,SAMPLE-A-0000581,VOID,FALSE
00000166,00000738,SAMPLE-A-0000166,DONE,FALSE
00000273,00000025,SAMPLE-A-0000273,HOLD,FALSE
00000011,00000312,SAMPLE-A-0000011,HOLD,FALSE
00000014,00000599,SAMPLE-A-0000014,HOLD,FALSE
00000038,00000886,SAMPLE-A-0000038,DONE,FALSE
00000014,00000173,SAMPLE-A-0000014,VOID,FALSE
00000667,00000460,SAMPLE-A-0000667,HOLD,FALSE
00000586,00000747,SAMPLE-A-0000586,DONE,FALSE
00000200,00000034,SAMPLE-A-0000200,HOLD,FALSE
00000029,00000321,SAMPLE-A-0000029,OPEN,FALSE
00000545,00000608,SAMPLE-A-0000545,HOLD,FALSE
00000370,00000895,SAMPLE-A-0000370,HOLD,FALSE
00000369,00000182,SAMPLE-A-0000369,VOID,FALSE
00000359,00000469,SAMPLE-A-0000359,HOLD,FALSE
00000167,00000756,SAMPLE-A-0000167,HOLD,FALSE
00000427,00000043,SAMPLE-A-0000427,OPEN,FALSE
00000388,00000330,SAMPLE-A-0000388,OPEN,FALSE
00000047,00000617,SAMPLE-A-0000047,VOID,FALSE
00000289,00000904,SAMPLE-A-0000289,VOID,FALSE
00000152,00000191,SAMPLE-A-0000152,OPEN,FALSE
00000108,00000478,SAMPLE-A-0000108,DONE,FALSE
00000027,00000765,SAMPLE-A-0000027,OPEN,FALSE
00000606,00000052,SAMPLE-A-0000606,DONE,FALSE
00000419,00000339,SAMPLE-A-0000419,HOLD,FALSE
00000069,00000626,SAMPLE-A-0000069,DONE,FALSE
00000168,00000913,SAMPLE-A-0000168,DONE,FALSE
00000280,00000200,SAMPLE-A-0000280,HOLD,FALSE
00000035,00000487,SAMPLE-A-0000035,DONE,FALSE
00000299,00000774,SAMPLE-A-0000299,VOID,FALSE
00000444,00000061,SAMPLE-A-0000444,OPEN,FALSE
00000055,00000348,SAMPLE-A-0000055,DONE,FALSE
00000344,00000635,SAMPLE-A-0000344,OPEN,FALSE
00000558,00000922,SAMPLE-A-0000558,HOLD,FALSE
00000030,00000209,SAMPLE-A-0000030,VOID,FALSE
00000441,00000496,SAMPLE-A-0000441,HOLD,FALSE
00000077,00000783,SAMPLE-A-0000077,HOLD,FALSE
00000035,00000070,SAMPLE-A-0000035,DONE,FALSE
00000559,00000357,SAMPLE-A-0000559,OPEN,FALSE
00000538,00000644,SAMPLE-A-0000538,HOLD,FALSE
00000435,00000931,SAMPLE-A-0000435,VOID,FALSE
00000206,00000218,SAMPLE-A-0000206,VOID,FALSE
00000498,00000505,SAMPLE-A-0000498,DONE,FALSE
00000623,00000792,SAMPLE-A-0000623,DONE,FALSE
00000431,00000079,SAMPLE-A-0000431,DONE,FALSE
00000641,00000366,SAMPLE-A-0000641,VOID,FALSE
00000052,00000653,SAMPLE-A-0000052,OPEN,FALSE
00000568,00000940,SAMPLE-A-0000568,VOID,FALSE
00000420,00000227,SAMPLE-A-0000420,VOID,FALSE
00000066,00000514,SAMPLE-A-0000066,HOLD,FALSE
00000131,00000801,SAMPLE-A-0000131,OPEN,FALSE
00000123,00000088,SAMPLE-A-0000123,VOID,FALSE
00000044,00000375,SAMPLE-A-0000044,HOLD,FALSE
00000259,00000662,SAMPLE-A-0000259,OPEN,FALSE
00000180,00000949,SAMPLE-A-0000180,HOLD,FALSE
00000130,00000236,SAMPLE-A-0000130,HOLD,FALSE
00000513,00000523,SAMPLE-A-0000513,DONE,FALSE
00000405,00000810,SAMPLE-A-0000405,OPEN,FALSE
00000053,00000097,SAMPLE-A-0000053,VOID,FALSE
00000031,00000384,SAMPLE-A-0000031,DONE,FALSE
00000094,00000671,SAMPLE-A-0000094,DONE,FALSE
00000094,00000958,SAMPLE-A-0000094,HOLD,FALSE
00000579,00000245,SAMPLE-A-0000579,HOLD,FALSE
00000139,00000532,SAMPLE-A-0000139,VOID,FALSE
00000124,00000819,SAMPLE-A-0000124,OPEN,FALSE
00000507,00000106,SAMPLE-A-0000507,OPEN,FALSE
00000366,00000393,SAMPLE-A-0000366,HOLD,FALSE
00000553,00000680,SAMPLE-A-0000553,OPEN,FALSE
00000395,00000967,SAMPLE-A-0000395,HOLD,FALSE
00000350,00000254,SAMPLE-A-0000350,OPEN,FALSE
00000051,00000541,SAMPLE-A-0000051,OPEN,FALSE
00000001,00000828,SAMPLE-A-0000001,HOLD,TRUE
00000664,00000115,SAMPLE-A-0000664,HOLD,FALSE
00000008,00000402,SAMPLE-A-0000008,DONE,FALSE
00000072,00000976,SAMPLE-A-0000072,OPEN,FALSE
00000343,00000263,SAMPLE-A-0000343,VOID,FALSE
00000622,00000550,SAMPLE-A-0000622,OPEN,FALSE
00000490,00000837,SAMPLE-A-0000490,OPEN,FALSE
00000292,00000124,SAMPLE-A-0000292,DONE,FALSE
00000297,00000411,SAMPLE-A-0000297,DONE,FALSE
00000147,00000698,SAMPLE-A-0000147,VOID,FALSE
00000001,00000985,SAMPLE-A-0000001,DONE,FALSE
00000012,00000272,SAMPLE-A-0000012,OPEN,FALSE
00000050,00000559,SAMPLE-A-0000050,VOID,FALSE
00000041,00000846,SAMPLE-A-0000041,VOID,FALSE
00000197,00000133,SAMPLE-A-0000197,VOID,FALSE
00000428,00000420,SAMPLE-A-0000428,VOID,FALSE
00000633,00000707,SAMPLE-A-0000633,OPEN,FALSE
00000148,00000994,SAMPLE-A-0000148,OPEN,FALSE
00000602,00000281,SAMPLE-A-0000602,OPEN,FALSE
00000107,00000568,SAMPLE-A-0000107,VOID,FALSE
00000009,00000855,SAMPLE-A-0000009,OPEN,FALSE
00000298,00000142,SAMPLE-A-0000298,OPEN,FALSE
00000636,00000429,SAMPLE-A-0000636,OPEN,FALSE
00000201,00000716,SAMPLE-A-0000201,OPEN,FALSE
00000047,00000003,SAMPLE-A-0000047,HOLD,FALSE
00000632,00000290,SAMPLE-A-0000632,DONE,FALSE
00000069,00000577,SAMPLE-A-0000069,DONE,FALSE
00000616,00000864,SAMPLE-A-0000616,OPEN,FALSE
00000174,00000151,SAMPLE-A-0000174,DONE,FALSE
00000670,00000438,SAMPLE-A-0000670,OPEN,FALSE
00000017,00000725,SAMPLE-A-0000017,HOLD,FALSE
00000097,00000012,SAMPLE-A-0000097,HOLD,FALSE
00000685,00000299,SAMPLE-A-0000685,OPEN,FALSE
00000412,00000586,SAMPLE-A-0000412,HOLD,FALSE
00000332,00000873,SAMPLE-A-0000332,HOLD,FALSE
00000083,00000160,SAMPLE-A-0000083,DONE,FALSE
00000476,00000447,SAMPLE-A-0000476,OPEN,FALSE
00000006,00000734,SAMPLE-A-0000006,DONE,FALSE
00000151,00000021,SAMPLE-A-0000151,OPEN,FALSE
00000023,00000308,SAMPLE-A-0000023,HOLD,FALSE
00000520,00000595,SAMPLE-A-0000520,DONE,FALSE
00000134,00000882,SAMPLE-A-0000134,OPEN,FALSE
00000064,00000169,SAMPLE-A-0000064,HOLD,FALSE
00000126,00000456,SAMPLE-A-0000126,HOLD,FALSE
00000028,00000743,SAMPLE-A-0000028,DONE,FALSE
00000274,00000030,SAMPLE-A-0000274,OPEN,FALSE
00000065,00000317,SAMPLE-A-0000065,OPEN,FALSE
00000317,00000604,SAMPLE-A-0000317,DONE,FALSE
00000627,00000891,SAMPLE-A-0000627,DONE,FALSE
00000649,00000178,SAMPLE-A-0000649,DONE,FALSE
00000053,00000465,SAMPLE-A-0000053,OPEN,FALSE
00000608,00000752,SAMPLE-A-0000608,HOLD,FALSE
00000265,00000039,SAMPLE-A-0000265,DONE,FALSE
00000128,00000326,SAMPLE-A-0000128,OPEN,FALSE
00000048,00000613,SAMPLE-A-0000048,VOID,FALSE
00000708,00000900,SAMPLE-A-0000708,HOLD,FALSE
00000115,00000187,SAMPLE-A-0000115,DONE,FALSE
00000045,00000474,SAMPLE-A-0000045,DONE,FALSE
00000383,00000761,SAMPLE-A-0000383,DONE,FALSE
00000560,00000048,SAMPLE-A-0000560,OPEN,FALSE
00000336,00000335,SAMPLE-A-0000336,HOLD,FALSE
00000354,00000622,SAMPLE-A-0000354,OPEN,FALSE
00000034,00000909,SAMPLE-A-0000034,HOLD,FALSE
00000001,00000196,SAMPLE-A-0000001,VOID,FALSE
00000020,00000483,SAMPLE-A-0000020,DONE,FALSE
00000002,00000770,SAMPLE-A-0000002,DONE,FALSE
00000357,00000057,SAMPLE-A-0000357,OPEN,FALSE
00000190,00000344,SAMPLE-A-0000190,OPEN,FALSE
00000186,00000631,SAMPLE-A-0000186,HOLD,FALSE
00000393,00000918,SAMPLE-A-0000393,OPEN,FALSE
00000199,00000205,SAMPLE-A-0000199,OPEN,FALSE
00000024,00000492,SAMPLE-A-0000024,OPEN,FALSE
00000683,00000779,SAMPLE-A-0000683,DONE,FALSE
00000150,00000066,SAMPLE-A-0000150,HOLD,FALSE
00000425,00000353,SAMPLE-A-0000425,VOID,FALSE
00000384,00000640,SAMPLE-A-0000384,DONE,FALSE
00000578,00000927,SAMPLE-A-0000578,VOID,FALSE
00000523,00000214,SAMPLE-A-0000523,DONE,FALSE
00000251,00000501,SAMPLE-A-0000251,DONE,FALSE
00000245,00000788,SAMPLE-A-0000245,OPEN,FALSE
00000048,00000075,SAMPLE-A-0000048,HOLD,FALSE
00000478,00000362,SAMPLE-A-0000478,HOLD,FALSE
00000330,00000649,SAMPLE-A-0000330,OPEN,FALSE
00000062,00000936,SAMPLE-A-0000062,HOLD,FALSE
00000187,00000223,SAMPLE-A-0000187,VOID,FALSE
00000697,00000510,SAMPLE-A-0000697,VOID,FALSE
00000391,00000797,SAMPLE-A-0000391,OPEN,FALSE
00000563,00000084,SAMPLE-A-0000563,OPEN,FALSE
00000329,00000371,SAMPLE-A-0000329,HOLD,FALSE
00000589,00000658,SAMPLE-A-0000589,DONE,FALSE
00000525,00000945,SAMPLE-A-0000525,VOID,FALSE
00000235,00000232,SAMPLE-A-0000235,OPEN,FALSE
00000079,00000519,SAMPLE-A-0000079,HOLD,FALSE
00000702,00000806,SAMPLE-A-0000702,OPEN,FALSE
00000149,00000093,SAMPLE-A-0000149,DONE,FALSE
00000060,00000380,SAMPLE-A-0000060,VOID,FALSE
00000626,00000667,SAMPLE-A-0000626,OPEN,FALSE
00000372,00000954,SAMPLE-A-0000372,VOID,FALSE
00000006,00000241,SAMPLE-A-0000006,DONE,FALSE
00000695,00000528,SAMPLE-A-0000695,VOID,FALSE
00000378,00000815,SAMPLE-A-0000378,HOLD,FALSE
00000042,00000102,SAMPLE-A-0000042,OPEN,FALSE
00000680,00000389,SAMPLE-A-0000680,VOID,FALSE
00000557,00000676,SAMPLE-A-0000557,DONE,FALSE
00000016,00000963,SAMPLE-A-0000016,VOID,FALSE
00000142,00000250,SAMPLE-A-0000142,DONE,FALSE
00000053,00000537,SAMPLE-A-0000053,DONE,FALSE
00000283,00000824,SAMPLE-A-0000283,HOLD,FALSE
00000160,00000111,SAMPLE-A-0000160,VOID,FALSE
00000659,00000398,SAMPLE-A-0000659,HOLD,FALSE
00000003,00000685,SAMPLE-A-0000003,HOLD,FALSE
00000199,00000972,SAMPLE-A-0000199,VOID,FALSE
00000673,00000259,SAMPLE-A-0000673,DONE,FALSE
00000493,00000546,SAMPLE-A-0000493,OPEN,FALSE
00000527,00000833,SAMPLE-A-0000527,OPEN,FALSE
00000575,00000120,SAMPLE-A-0000575,HOLD,FALSE
00000104,00000407,SAMPLE-A-0000104,OPEN,FALSE
00000294,00000694,SAMPLE-A-0000294,OPEN,FALSE
00000049,00000981,SAMPLE-A-0000049,DONE,FALSE
00000642,00000268,SAMPLE-A-0000642,HOLD,FALSE
00000099,00000555,SAMPLE-A-0000099,VOID,FALSE
00000263,00000842,SAMPLE-A-0000263,VOID,FALSE
00000574,00000129,SAMPLE-A-0000574,VOID,FALSE
00000076,00000416,SAMPLE-A-0000076,VOID,FALSE
00000129,00000703,SAMPLE-A-0000129,DONE,FALSE
00000304,00000990,SAMPLE-A-0000304,DONE,FALSE
00000075,00000277,SAMPLE-A-0000075,OPEN,FALSE
00000014,00000564,SAMPLE-A-0000014,DONE,FALSE
00000449,00000851,SAMPLE-A-0000449,VOID,FALSE
00000175,00000138,SAMPLE-A-0000175,OPEN,FALSE
00000079,00000425,SAMPLE-A-0000079,DONE,FALSE
00000129,00000712,SAMPLE-A-0000129,HOLD,FALSE
00000042,00000999,SAMPLE-A-0000042,HOLD,FALSE
00000147,00000286,SAMPLE-A-0000147,HOLD,FALSE
00000173,00000573,SAMPLE-A-0000173,VOID,FALSE
00000266,00000860,SAMPLE-A-0000266,HOLD,FALSE
00000005,00000147,SAMPLE-A-0000005,HOLD,FALSE
00000176,00000434,SAMPLE-A-0000176,OPEN,FALSE
00000135,00000721,SAMPLE-A-0000135,DONE,FALSE
00000494,00000008,SAMPLE-A-0000494,DONE,FALSE
00000063,00000295,SAMPLE-A-0000063,VOID,FALSE
00000504,00000582,SAMPLE-A-0000504,OPEN,FALSE
00000556,00000869,SAMPLE-A-0000556,OPEN,FALSE
00000137,00000156,SAMPLE-A-0000137,HOLD,FALSE
00000381,00000443,SAMPLE-A-0000381,OPEN,FALSE
00000118,00000730,SAMPLE-A-0000118,DONE,FALSE
00000109,00000017,SAMPLE-A-0000109,OPEN,FALSE
00000353,00000304,SAMPLE-A-0000353,HOLD,FALSE
00000612,00000591,SAMPLE-A-0000612,VOID,FALSE
00000091,00000878,SAMPLE-A-0000091,DONE,FALSE
00000367,00000165,SAMPLE-A-0000367,OPEN,FALSE
00000303,00000452,SAMPLE-A-0000303,HOLD,FALSE
00000143,00000739,SAMPLE-A-0000143,HOLD,FALSE
00000651,00000026,SAMPLE-A-0000651,VOID,FALSE
00000140,00000313,SAMPLE-A-0000140,HOLD,FALSE
00000172,00000600,SAMPLE-A-0000172,OPEN,FALSE
00000024,00000887,SAMPLE-A-0000024,HOLD,FALSE
00000128,00000174,SAMPLE-A-0000128,OPEN,FALSE
00000016,00000461,SAMPLE-A-0000016,DONE,FALSE
00000436,00000748,SAMPLE-A-0000436,HOLD,FALSE
00000039,00000035,SAMPLE-A-0000039,OPEN,FALSE
00000315,00000322,SAMPLE-A-0000315,HOLD,FALSE
00000650,00000609,SAMPLE-A-0000650,OPEN,FALSE
00000407,00000896,SAMPLE-A-0000407,DONE,FALSE
00000472,00000183,SAMPLE-A-0000472,HOLD,FALSE
00000466,00000470,SAMPLE-A-0000466,VOID,FALSE
00000268,00000757,SAMPLE-A-0000268,DONE,FALSE
00000154,00000044,SAMPLE-A-0000154,DONE,FALSE
00000181,00000331,SAMPLE-A-0000181,HOLD,FALSE
00000243,00000618,SAMPLE-A-0000243,VOID,FALSE
00000401,00000905,SAMPLE-A-0000401,DONE,FALSE
00000084,00000192,SAMPLE-A-0000084,HOLD,FALSE
00000045,00000479,SAMPLE-A-0000045,DONE,FALSE
00000682,00000766,SAMPLE-A-0000682,OPEN,FALSE
00000692,00000053,SAMPLE-A-0000692,VOID,FALSE
00000549,00000340,SAMPLE-A-0000549,VOID,FALSE
00000684,00000627,SAMPLE-A-0000684,HOLD,FALSE
00000120,00000914,SAMPLE-A-0000120,HOLD,FALSE
00000119,00000201,SAMPLE-A-0000119,VOID,FALSE
00000473,00000488,SAMPLE-A-0000473,OPEN,FALSE
00000038,00000775,SAMPLE-A-0000038,HOLD,FALSE
00000133,00000062,SAMPLE-A-0000133,VOID,FALSE
00000110,00000349,SAMPLE-A-0000110,OPEN,FALSE
00000398,00000636,SAMPLE-A-0000398,HOLD,FALSE
00000487,00000923,SAMPLE-A-0000487,DONE,FALSE
00000155,00000210,SAMPLE-A-0000155,VOID,FALSE
00000421,00000497,SAMPLE-A-0000421,DONE,FALSE
00000132,00000784,SAMPLE-A-0000132,DONE,FALSE
00000693,00000071,SAMPLE-A-0000693,DONE,FALSE
00000500,00000358,SAMPLE-A-0000500,OPEN,FALSE
00000565,00000645,SAMPLE-A-0000565,HOLD,FALSE
00000085,00000932,SAMPLE-A-0000085,OPEN,FALSE
00000593,00000219,SAMPLE-A-0000593,DONE,FALSE
00000314,00000506,SAMPLE-A-0000314,DONE,FALSE
00000617,00000793,SAMPLE-A-0000617,VOID,FALSE
00000375,00000080,SAMPLE-A-0000375,DONE,FALSE
00000184,00000367,SAMPLE-A-0000184,OPEN,FALSE
00000105,00000654,SAMPLE-A-0000105,HOLD,FALSE
00000122,00000941,SAMPLE-A-0000122,DONE,FALSE
00000582,00000228,SAMPLE-A-0000582,HOLD,FALSE
00000023,00000515,SAMPLE-A-0000023,OPEN,FALSE
00000347,00000802,SAMPLE-A-0000347,OPEN,FALSE
00000416,00000089,SAMPLE-A-0000416,HOLD,FALSE
00000039,00000376,SAMPLE-A-0000039,OPEN,FALSE
00000015,00000663,SAMPLE-A-0000015,OPEN,FALSE
00000089,00000950,SAMPLE-A-0000089,OPEN,FALSE
00000145,00000237,SAMPLE-A-0000145,OPEN,FALSE
00000305,00000524,SAMPLE-A-0000305,OPEN,FALSE
00000495,00000811,SAMPLE-A-0000495,HOLD,FALSE
00000188,00000098,SAMPLE-A-0000188,DONE,FALSE
00001002,00000385,,HOLD,FALSE
00000509,00000672,SAMPLE-A-0000509,HOLD,FALSE
00000422,00000959,SAMPLE-A-0000422,HOLD,FALSE
00000020,00000246,SAMPLE-A-0000020,HOLD,FALSE
00000172,00000533,SAMPLE-A-0000172,VOID,FALSE
00000352,00000820,SAMPLE-A-0000352,VOID,FALSE
00000188,00000107,SAMPLE-A-0000188,HOLD,FALSE
00000510,00000394,SAMPLE-A-0000510,OPEN,FALSE
00000030,00000681,SAMPLE-A-0000030,HOLD,FALSE
00000546,00000968,SAMPLE-A-0000546,VOID,FALSE
00000033,00000255,SAMPLE-A-0000033,DONE,FALSE
00000013,00000542,SAMPLE-A-0000013,HOLD,FALSE
00000592,00000829,SAMPLE-A-0000592,VOID,FALSE
00000526,00000116,SAMPLE-A-0000526,DONE,FALSE
00000021,00000403,SAMPLE-A-0000021,HOLD,FALSE
00000088,00000690,SAMPLE-A-0000088,DONE,FALSE
00000403,00000977,SAMPLE-A-0000403,VOID,FALSE
00000024,00000264,SAMPLE-A-0000024,VOID,FALSE
00000210,00000551,SAMPLE-A-0000210,VOID,FALSE
00000640,00000838,SAMPLE-A-0000640,OPEN,FALSE
00000143,00000125,SAMPLE-A-0000143,VOID,FALSE
00000516,00000412,SAMPLE-A-0000516,HOLD,FALSE
00000451,00000699,SAMPLE-A-0000451,OPEN,FALSE
00000639,00000986,SAMPLE-A-0000639,OPEN,FALSE
00000166,00000273,SAMPLE-A-0000166,HOLD,FALSE
00000052,00000560,SAMPLE-A-0000052,DONE,FALSE
00000534,00000847,SAMPLE-A-0000534,OPEN,FALSE
00000163,00000134,SAMPLE-A-0000163,HOLD,FALSE
00000634,00000421,SAMPLE-A-0000634,VOID,FALSE
00000442,00000708,SAMPLE-A-0000442,VOID,FALSE
00000517,00000995,SAMPLE-A-0000517,OPEN,FALSE
00000123,00000282,SAMPLE-A-0000123,HOLD,FALSE
00000081,00000569,SAMPLE-A-0000081,HOLD,FALSE
00000203,00000856,SAMPLE-A-0000203,HOLD,FALSE
00000242,00000143,SAMPLE-A-0000242,OPEN,FALSE
00000037,00000430,SAMPLE-A-0000037,HOLD,FALSE
00000002,00000717,SAMPLE-A-0000002,OPEN,FALSE
00000156,00000004,SAMPLE-A-0000156,HOLD,FALSE
00000007,00000291,SAMPLE-A-0000007,VOID,FALSE
00000311,00000578,SAMPLE-A-0000311,OPEN,FALSE
00000028,00000865,SAMPLE-A-0000028,OPEN,FALSE
00000150,00000152,SAMPLE-A-0000150,VOID,FALSE
00000331,00000439,SAMPLE-A-0000331,DONE,FALSE
00000471,00000726,SAMPLE-A-0000471,OPEN,FALSE
00000040,00000013,SAMPLE-A-0000040,VOID,FALSE
00000102,00000300,SAMPLE-A-0000102,OPEN,FALSE
00000131,00000587,SAMPLE-A-0000131,VOID,FALSE
00000174,00000874,SAMPLE-A-0000174,DONE,FALSE
00000080,00000161,SAMPLE-A-0000080,VOID,FALSE
00000514,00000448,SAMPLE-A-0000514,OPEN,FALSE
00000270,00000735,SAMPLE-A-0000270,VOID,FALSE
00000029,00000022,SAMPLE-A-0000029,VOID,FALSE
00000023,00000309,SAMPLE-A-0000023,DONE,FALSE
00000643,00000596,SAMPLE-A-0000643,OPEN,FALSE
00000430,00000883,SAMPLE-A-0000430,OPEN,FALSE
00000049,00000170,SAMPLE-A-0000049,OPEN,FALSE
00000162,00000457,SAMPLE-A-0000162,VOID,FALSE
00000065,00000744,SAMPLE-A-0000065,OPEN,FALSE
00000071,00000031,SAMPLE-A-0000071,OPEN,FALSE
00000316,00000318,SAMPLE-A-0000316,VOID,FALSE
00000168,00000605,SAMPLE-A-0000168,DONE,FALSE
00000058,00000892,SAMPLE-A-0000058,OPEN,FALSE
00000417,00000179,SAMPLE-A-0000417,OPEN,FALSE
00001001,00000466,,DONE,FALSE
00000318,00000753,SAMPLE-A-0000318,OPEN,FALSE
00000112,00000040,SAMPLE-A-0000112,DONE,FALSE
00000341,00000327,SAMPLE-A-0000341,DONE,FALSE
00000084,00000614,SAMPLE-A-0000084,DONE,FALSE
00000562,00000188,SAMPLE-A-0000562,HOLD,FALSE
00000063,00000475,SAMPLE-A-0000063,HOLD,FALSE
00000255,00000762,SAMPLE-A-0000255,OPEN,FALSE
00000249,00000049,SAMPLE-A-0000249,HOLD,FALSE
00000306,00000336,SAMPLE-A-0000306,VOID,FALSE
00000613,00000623,SAMPLE-A-0000613,DONE,FALSE
00000232,00000910,SAMPLE-A-0000232,HOLD,FALSE
00000089,00000197,SAMPLE-A-0000089,VOID,FALSE
00000205,00000484,SAMPLE-A-0000205,DONE,FALSE
00000611,00000771,SAMPLE-A-0000611,HOLD,FALSE
00000290,00000058,SAMPLE-A-0000290,HOLD,FALSE
00000136,00000345,SAMPLE-A-0000136,HOLD,FALSE
00000700,00000919,SAMPLE-A-0000700,VOID,FALSE
00000047,00000206,SAMPLE-A-0000047,OPEN,FALSE
00000459,00000493,SAMPLE-A-0000459,VOID,FALSE
00000056,00000780,SAMPLE-A-0000056,HOLD,FALSE
00000453,00000067,SAMPLE-A-0000453,HOLD,FALSE
00000037,00000354,SAMPLE-A-0000037,VOID,FALSE
00000362,00000641,SAMPLE-A-0000362,VOID,FALSE
00000141,00000928,SAMPLE-A-0000141,OPEN,FALSE
00000080,00000215,SAMPLE-A-0000080,HOLD,FALSE
00000207,00000502,SAMPLE-A-0000207,OPEN,FALSE
00000092,00000789,SAMPLE-A-0000092,OPEN,FALSE
00000244,00000076,SAMPLE-A-0000244,HOLD,FALSE
00001004,00000363,,DONE,FALSE
00000674,00000650,SAMPLE-A-0000674,HOLD,FALSE
00000252,00000937,SAMPLE-A-0000252,HOLD,FALSE
00000529,00000224,SAMPLE-A-0000529,VOID,FALSE
00000167,00000511,SAMPLE-A-0000167,DONE,FALSE
00000677,00000798,SAMPLE-A-0000677,OPEN,FALSE
00000258,00000085,SAMPLE-A-0000258,DONE,FALSE
00000098,00000372,SAMPLE-A-0000098,HOLD,FALSE
00000009,00000659,SAMPLE-A-0000009,DONE,FALSE
00000149,00000946,SAMPLE-A-0000149,HOLD,FALSE
00000057,00000233,SAMPLE-A-0000057,HOLD,FALSE
00000090,00000520,SAMPLE-A-0000090,HOLD,FALSE
00000508,00000807,SAMPLE-A-0000508,VOID,FALSE
00000036,00000094,SAMPLE-A-0000036,VOID,FALSE
00000096,00000381,SAMPLE-A-0000096,VOID,FALSE
00000108,00000668,SAMPLE-A-0000108,DONE,FALSE
00000176,00000955,SAMPLE-A-0000176,VOID,FALSE
00000209,00000242,SAMPLE-A-0000209,HOLD,FALSE
00000358,00000529,SAMPLE-A-0000358,DONE,FALSE
00000619,00000816,SAMPLE-A-0000619,OPEN,FALSE
00000295,00000103,SAMPLE-A-0000295,DONE,FALSE
00000141,00000390,SAMPLE-A-0000141,OPEN,FALSE
00000460,00000677,SAMPLE-A-0000460,DONE,FALSE
00000524,00000964,SAMPLE-A-0000524,HOLD,FALSE
00000183,00000251,SAMPLE-A-0000183,HOLD,FALSE
00000037,00000538,SAMPLE-A-0000037,HOLD,FALSE
00000046,00000825,SAMPLE-A-0000046,VOID,FALSE
00000561,00000112,SAMPLE-A-0000561,DONE,FALSE
00000175,00000399,SAMPLE-A-0000175,VOID,FALSE
00000165,00000686,SAMPLE-A-0000165,OPEN,FALSE
00000139,00000973,SAMPLE-A-0000139,HOLD,FALSE
00000070,00000260,SAMPLE-A-0000070,VOID,FALSE
00000241,00000547,SAMPLE-A-0000241,DONE,FALSE
00000669,00000834,SAMPLE-A-0000669,DONE,FALSE
00000010,00000121,SAMPLE-A-0000010,VOID,FALSE
00000078,00000408,SAMPLE-A-0000078,OPEN,FALSE
00000116,00000695,SAMPLE-A-0000116,VOID,FALSE
00000587,00000982,SAMPLE-A-0000587,OPEN,FALSE
00000533,00000269,SAMPLE-A-0000533,DONE,FALSE
00000051,00000556,SAMPLE-A-0000051,HOLD,FALSE
00000654,00000843,SAMPLE-A-0000654,VOID,FALSE
00000541,00000130,SAMPLE-A-0000541,HOLD,FALSE
00000681,00000417,SAMPLE-A-0000681,HOLD,FALSE
00000373,00000704,SAMPLE-A-0000373,HOLD,FALSE
00000233,00000991,SAMPLE-A-0000233,VOID,FALSE
00000603,00000278,SAMPLE-A-0000603,DONE,FALSE
00000572,00000565,SAMPLE-A-0000572,HOLD,FALSE
00000197,00000852,SAMPLE-A-0000197,OPEN,FALSE
00000511,00000139,SAMPLE-A-0000511,VOID,FALSE
00000029,00000426,SAMPLE-A-0000029,DONE,FALSE
00000543,00000713,SAMPLE-A-0000543,DONE,FALSE
00000429,00001000,SAMPLE-A-0000429,HOLD,FALSE
00000164,00000287,SAMPLE-A-0000164,HOLD,FALSE
00000187,00000574,SAMPLE-A-0000187,OPEN,FALSE
00000536,00000861,SAMPLE-A-0000536,OPEN,FALSE
00000488,00000148,SAMPLE-A-0000488,VOID,FALSE
00000457,00000435,SAMPLE-A-0000457,DONE,FALSE
00000706,00000722,SAMPLE-A-0000706,OPEN,FALSE
00000041,00000009,SAMPLE-A-0000041,OPEN,FALSE
00000209,00000296,SAMPLE-A-0000209,DONE,FALSE
00000006,00000583,SAMPLE-A-0000006,OPEN,FALSE
00000184,00000870,SAMPLE-A-0000184,OPEN,FALSE
00000006,00000157,SAMPLE-A-0000006,HOLD,FALSE
00000236,00000444,SAMPLE-A-0000236,VOID,FALSE
00000148,00000731,SAMPLE-A-0000148,OPEN,FALSE
00000170,00000018,SAMPLE-A-0000170,OPEN,FALSE
00000237,00000305,SAMPLE-A-0000237,DONE,FALSE
00000191,00000592,SAMPLE-A-0000191,DONE,FALSE
00000588,00000879,SAMPLE-A-0000588,VOID,FALSE
00000185,00000166,SAMPLE-A-0000185,DONE,FALSE
00000679,00000453,SAMPLE-A-0000679,DONE,FALSE
00000009,00000740,SAMPLE-A-0000009,OPEN,FALSE
00000186,00000027,SAMPLE-A-0000186,VOID,FALSE
00000339,00000314,SAMPLE-A-0000339,HOLD,FALSE
00000394,00000601,SAMPLE-A-0000394,DONE,FALSE
00000539,00000888,SAMPLE-A-0000539,OPEN,FALSE
00000620,00000175,SAMPLE-A-0000620,DONE,FALSE
00000248,00000462,SAMPLE-A-0000248,DONE,FALSE
00000087,00000749,SAMPLE-A-0000087,HOLD,FALSE
00000467,00000036,SAMPLE-A-0000467,DONE,FALSE
00000015,00000323,SAMPLE-A-0000015,OPEN,FALSE
00000159,00000610,SAMPLE-A-0000159,HOLD,FALSE
00000448,00000897,SAMPLE-A-0000448,OPEN,FALSE
00000192,00000184,SAMPLE-A-0000192,HOLD,FALSE
00000098,00000471,SAMPLE-A-0000098,DONE,FALSE
00000021,00000758,SAMPLE-A-0000021,DONE,FALSE
00000278,00000045,SAMPLE-A-0000278,DONE,FALSE
00000458,00000332,SAMPLE-A-0000458,HOLD,FALSE
00000269,00000619,SAMPLE-A-0000269,HOLD,FALSE
00000195,00000906,SAMPLE-A-0000195,DONE,FALSE
00000198,00000193,SAMPLE-A-0000198,DONE,FALSE
00000002,00000480,SAMPLE-A-0000002,HOLD,FALSE
00000491,00000767,SAMPLE-A-0000491,VOID,FALSE
00000497,00000054,SAMPLE-A-0000497,OPEN,FALSE
00000631,00000341,SAMPLE-A-0000631,HOLD,FALSE
00000390,00000628,SAMPLE-A-0000390,HOLD,FALSE
00000704,00000915,SAMPLE-A-0000704,VOID,FALSE
00000418,00000202,SAMPLE-A-0000418,DONE,FALSE
00000564,00000489,SAMPLE-A-0000564,DONE,FALSE
00000042,00000776,SAMPLE-A-0000042,DONE,FALSE
00000686,00000063,SAMPLE-A-0000686,DONE,FALSE
00000112,00000350,SAMPLE-A-0000112,DONE,FALSE
00000519,00000637,SAMPLE-A-0000519,HOLD,FALSE
00000600,00000924,SAMPLE-A-0000600,DONE,FALSE
00000703,00000211,SAMPLE-A-0000703,DONE,FALSE
00000010,00000498,SAMPLE-A-0000010,HOLD,FALSE
00000144,00000785,SAMPLE-A-0000144,DONE,FALSE
00000114,00000072,SAMPLE-A-0000114,OPEN,FALSE
00000036,00000359,SAMPLE-A-0000036,OPEN,FALSE
00000482,00000646,SAMPLE-A-0000482,HOLD,FALSE
00000461,00000933,SAMPLE-A-0000461,HOLD,FALSE
00000661,00000220,SAMPLE-A-0000661,VOID,FALSE
00000010,00000507,SAMPLE-A-0000010,HOLD,FALSE
00000438,00000794,SAMPLE-A-0000438,DONE,FALSE
00000096,00000081,SAMPLE-A-0000096,OPEN,FALSE
00000577,00000368,SAMPLE-A-0000577,OPEN,FALSE
00000591,00000655,SAMPLE-A-0000591,VOID,FALSE
00000105,00000942,SAMPLE-A-0000105,DONE,FALSE
00000505,00000229,SAMPLE-A-0000505,VOID,FALSE
00000095,00000516,SAMPLE-A-0000095,VOID,FALSE
00000060,00000803,SAMPLE-A-0000060,HOLD,FALSE
00000010,00000090,SAMPLE-A-0000010,OPEN,FALSE
00000644,00000377,SAMPLE-A-0000644,DONE,FALSE
00000010,00000664,SAMPLE-A-0000010,HOLD,FALSE
00000250,00000951,SAMPLE-A-0000250,VOID,FALSE
00000312,00000238,SAMPLE-A-0000312,HOLD,FALSE
00000120,00000525,SAMPLE-A-0000120,DONE,FALSE
00000001,00000812,SAMPLE-A-0000001,DONE,FALSE
00000004,00000099,SAMPLE-A-0000004,VOID,FALSE
00000637,00000386,SAMPLE-A-0000637,VOID,FALSE
00000134,00000673,SAMPLE-A-0000134,VOID,FALSE
00000532,00000960,SAMPLE-A-0000532,VOID,FALSE
00000496,00000247,SAMPLE-A-0000496,HOLD,FALSE
00000151,00000534,SAMPLE-A-0000151,VOID,FALSE
00000074,00000821,SAMPLE-A-0000074,HOLD,FALSE
00000521,00000108,SAMPLE-A-0000521,HOLD,FALSE
00000264,00000395,SAMPLE-A-0000264,OPEN,FALSE
00000356,00000682,SAMPLE-A-0000356,HOLD,FALSE
00000447,00000969,SAMPLE-A-0000447,OPEN,FALSE
00000701,00000256,SAMPLE-A-0000701,HOLD,FALSE
00000340,00000543,SAMPLE-A-0000340,VOID,FALSE
00001005,00000830,,OPEN,FALSE
00000489,00000117,SAMPLE-A-0000489,HOLD,FALSE
00000127,00000404,SAMPLE-A-0000127,VOID,FALSE
00000324,00000691,SAMPLE-A-0000324,DONE,FALSE
00000424,00000978,SAMPLE-A-0000424,OPEN,FALSE
00000196,00000265,SAMPLE-A-0000196,VOID,FALSE
00000604,00000552,SAMPLE-A-0000604,HOLD,FALSE
00000007,00000839,SAMPLE-A-0000007,DONE,FALSE
00000585,00000126,SAMPLE-A-0000585,VOID,FALSE
00000196,00000413,SAMPLE-A-0000196,HOLD,FALSE
00000146,00000700,SAMPLE-A-0000146,HOLD,FALSE
00000093,00000987,SAMPLE-A-0000093,VOID,FALSE
00000130,00000274,SAMPLE-A-0000130,VOID,FALSE
00000046,00000561,SAMPLE-A-0000046,HOLD,FALSE
00000671,00000848,SAMPLE-A-0000671,VOID,FALSE
00000066,00000135,SAMPLE-A-0000066,DONE,FALSE
00000034,00000422,SAMPLE-A-0000034,VOID,FALSE
00000067,00000709,SAMPLE-A-0000067,VOID,FALSE
00000062,00000996,SAMPLE-A-0000062,DONE,FALSE
00000614,00000283,SAMPLE-A-0000614,OPEN,FALSE
00000323,00000570,SAMPLE-A-0000323,VOID,FALSE
00000178,00000857,SAMPLE-A-0000178,DONE,FALSE
00000655,00000144,SAMPLE-A-0000655,HOLD,FALSE
00000087,00000431,SAMPLE-A-0000087,VOID,FALSE
00000190,00000718,SAMPLE-A-0000190,VOID,FALSE
00000486,00000005,SAMPLE-A-0000486,VOID,FALSE
00000004,00000292,SAMPLE-A-0000004,DONE,FALSE
00000189,00000579,SAMPLE-A-0000189,VOID,FALSE
00000361,00000866,SAMPLE-A-0000361,OPEN,FALSE
00000194,00000153,SAMPLE-A-0000194,OPEN,FALSE
00000056,00000440,SAMPLE-A-0000056,HOLD,FALSE
00000036,00000727,SAMPLE-A-0000036,DONE,FALSE
00000110,00000014,SAMPLE-A-0000110,VOID,FALSE
00000008,00000301,SAMPLE-A-0000008,VOID,FALSE
00000368,00000588,SAMPLE-A-0000368,OPEN,FALSE
00000204,00000875,SAMPLE-A-0000204,OPEN,FALSE
00000285,00000162,SAMPLE-A-0000285,VOID,FALSE
00000580,00000449,SAMPLE-A-0000580,OPEN,FALSE
00000499,00000736,SAMPLE-A-0000499,HOLD,FALSE
00000662,00000023,SAMPLE-A-0000662,HOLD,FALSE
00000531,00000310,SAMPLE-A-0000531,OPEN,FALSE
00000385,00000597,SAMPLE-A-0000385,OPEN,FALSE
00000177,00000884,SAMPLE-A-0000177,OPEN,FALSE
00001006,00000171,,VOID,FALSE
00000710,00000458,SAMPLE-A-0000710,DONE,FALSE
00000596,00000745,SAMPLE-A-0000596,DONE,FALSE
00000040,00000032,SAMPLE-A-0000040,HOLD,FALSE
00000052,00000319,SAMPLE-A-0000052,DONE,FALSE
00001007,00000606,,DONE,FALSE
00000044,00000893,SAMPLE-A-0000044,VOID,FALSE
00000699,00000180,SAMPLE-A-0000699,OPEN,FALSE
00000434,00000467,SAMPLE-A-0000434,OPEN,FALSE
00000072,00000754,SAMPLE-A-0000072,VOID,FALSE
00000007,00000041,SAMPLE-A-0000007,HOLD,FALSE
00000100,00000328,SAMPLE-A-0000100,HOLD,FALSE
00000022,00000615,SAMPLE-A-0000022,OPEN,FALSE
00000192,00000902,SAMPLE-A-0000192,DONE,FALSE
00000380,00000189,SAMPLE-A-0000380,DONE,FALSE
00000310,00000476,SAMPLE-A-0000310,HOLD,FALSE
00000653,00000763,SAMPLE-A-0000653,OPEN,FALSE
00000068,00000050,SAMPLE-A-0000068,OPEN,FALSE
00000158,00000624,SAMPLE-A-0000158,OPEN,FALSE
00000465,00000911,SAMPLE-A-0000465,HOLD,FALSE
00001008,00000198,,DONE,FALSE
00000041,00000485,SAMPLE-A-0000041,DONE,FALSE
00000004,00000772,SAMPLE-A-0000004,VOID,FALSE
00000483,00000346,SAMPLE-A-0000483,VOID,FALSE
00000477,00000633,SAMPLE-A-0000477,DONE,FALSE
00000663,00000920,SAMPLE-A-0000663,OPEN,FALSE
00000100,00000207,SAMPLE-A-0000100,VOID,FALSE
00000018,00000494,SAMPLE-A-0000018,HOLD,FALSE
00000253,00000781,SAMPLE-A-0000253,VOID,FALSE
00000399,00000068,SAMPLE-A-0000399,VOID,FALSE
00000334,00000355,SAMPLE-A-0000334,DONE,FALSE
00000570,00000642,SAMPLE-A-0000570,OPEN,FALSE
00000302,00000929,SAMPLE-A-0000302,VOID,FALSE
00000115,00000216,SAMPLE-A-0000115,DONE,FALSE
00000103,00000503,SAMPLE-A-0000103,HOLD,FALSE
00000034,00000790,SAMPLE-A-0000034,HOLD,FALSE
00000127,00000077,SAMPLE-A-0000127,OPEN,FALSE
00000043,00000364,SAMPLE-A-0000043,VOID,FALSE
00000045,00000651,SAMPLE-A-0000045,OPEN,FALSE
00000121,00000938,SAMPLE-A-0000121,OPEN,FALSE
00000126,00000225,SAMPLE-A-0000126,VOID,FALSE
00000638,00000512,SAMPLE-A-0000638,HOLD,FALSE
00000009,00000799,SAMPLE-A-0000009,HOLD,FALSE
00000102,00000086,SAMPLE-A-0000102,OPEN,FALSE
00000092,00000373,SAMPLE-A-0000092,VOID,FALSE
00000193,00000660,SAMPLE-A-0000193,HOLD,FALSE
00000598,00000947,SAMPLE-A-0000598,VOID,FALSE
00000267,00000234,SAMPLE-A-0000267,OPEN,FALSE
00000379,00000521,SAMPLE-A-0000379,VOID,FALSE
00000058,00000808,SAMPLE-A-0000058,DONE,FALSE
00000576,00000095,SAMPLE-A-0000576,HOLD,FALSE
00000171,00000382,SAMPLE-A-0000171,DONE,FALSE
00000007,00000669,SAMPLE-A-0000007,VOID,FALSE
00000095,00000956,SAMPLE-A-0000095,OPEN,FALSE
00000153,00000243,SAMPLE-A-0000153,HOLD,FALSE
00000535,00000530,SAMPLE-A-0000535,VOID,FALSE
00000113,00000817,SAMPLE-A-0000113,VOID,FALSE
00000279,00000104,SAMPLE-A-0000279,HOLD,FALSE
00000017,00000391,SAMPLE-A-0000017,HOLD,FALSE
00000068,00000678,SAMPLE-A-0000068,VOID,FALSE
00000313,00000965,SAMPLE-A-0000313,VOID,FALSE
00000479,00000539,SAMPLE-A-0000479,VOID,FALSE
00000322,00000826,SAMPLE-A-0000322,OPEN,FALSE
00000607,00000113,SAMPLE-A-0000607,HOLD,FALSE
00000327,00000400,SAMPLE-A-0000327,HOLD,FALSE
00000551,00000687,SAMPLE-A-0000551,OPEN,FALSE
00000406,00000974,SAMPLE-A-0000406,VOID,FALSE
00000432,00000261,SAMPLE-A-0000432,VOID,FALSE
00000484,00000548,SAMPLE-A-0000484,DONE,FALSE
00001009,00000122,,OPEN,FALSE
00000238,00000409,SAMPLE-A-0000238,OPEN,FALSE
00000540,00000696,SAMPLE-A-0000540,DONE,FALSE
00000566,00000983,SAMPLE-A-0000566,VOID,FALSE
00000026,00000270,SAMPLE-A-0000026,OPEN,FALSE
00000455,00000557,SAMPLE-A-0000455,VOID,FALSE
00000008,00000844,SAMPLE-A-0000008,DONE,FALSE
00000443,00000131,SAMPLE-A-0000443,DONE,FALSE
00000231,00000418,SAMPLE-A-0000231,OPEN,FALSE
00000200,00000705,SAMPLE-A-0000200,DONE,FALSE
00000059,00000992,SAMPLE-A-0000059,HOLD,FALSE
00000666,00000279,SAMPLE-A-0000666,DONE,FALSE
00000012,00000566,SAMPLE-A-0000012,OPEN,FALSE
00000119,00000853,SAMPLE-A-0000119,OPEN,FALSE
00000630,00000140,SAMPLE-A-0000630,DONE,FALSE
00000646,00000427,SAMPLE-A-0000646,OPEN,FALSE
00000016,00000714,SAMPLE-A-0000016,OPEN,FALSE
00000180,00000001,SAMPLE-A-0000180,VOID,FALSE
00000106,00000288,SAMPLE-A-0000106,HOLD,FALSE
00000657,00000575,SAMPLE-A-0000657,OPEN,FALSE
00000013,00000862,SAMPLE-A-0000013,VOID,FALSE
00000605,00000149,SAMPLE-A-0000605,VOID,FALSE
00000093,00000436,SAMPLE-A-0000093,HOLD,FALSE
00000450,00000723,SAMPLE-A-0000450,DONE,FALSE
00000325,00000010,SAMPLE-A-0000325,OPEN,FALSE
00000573,00000297,SAMPLE-A-0000573,OPEN,FALSE
00000595,00000584,SAMPLE-A-0000595,VOID,FALSE
00000349,00000871,SAMPLE-A-0000349,HOLD,FALSE
00000003,00000158,SAMPLE-A-0000003,OPEN,FALSE
00000518,00000445,SAMPLE-A-0000518,VOID,FALSE
00000528,00000732,SAMPLE-A-0000528,HOLD,FALSE
00000624,00000019,SAMPLE-A-0000624,DONE,FALSE
00001003,00000306,,VOID,FALSE
00000275,00000593,SAMPLE-A-0000275,DONE,FALSE
00000073,00000880,SAMPLE-A-0000073,VOID,FALSE
00000138,00000454,SAMPLE-A-0000138,OPEN,FALSE
00000116,00000741,SAMPLE-A-0000116,OPEN,FALSE
00000117,00000028,SAMPLE-A-0000117,HOLD,FALSE
00000515,00000315,SAMPLE-A-0000515,VOID,FALSE
00000181,00000602,SAMPLE-A-0000181,DONE,FALSE
00000689,00000889,SAMPLE-A-0000689,OPEN,FALSE
00000122,00000176,SAMPLE-A-0000122,HOLD,FALSE
00000293,00000463,SAMPLE-A-0000293,HOLD,FALSE
00000033,00000750,SAMPLE-A-0000033,VOID,FALSE
00000548,00000324,SAMPLE-A-0000548,HOLD,FALSE
00000658,00000898,SAMPLE-A-0000658,VOID,FALSE
00000011,00000472,SAMPLE-A-0000011,DONE,FALSE
00000594,00000046,SAMPLE-A-0000594,OPEN,FALSE
00000054,00000333,SAMPLE-A-0000054,VOID,FALSE
00000271,00000194,SAMPLE-A-0000271,DONE,FALSE
00000696,00000481,SAMPLE-A-0000696,OPEN,FALSE
00000101,00000768,SAMPLE-A-0000101,HOLD,FALSE
00000348,00000055,SAMPLE-A-0000348,DONE,FALSE
00000698,00000342,SAMPLE-A-0000698,HOLD,FALSE
00000132,00000629,SAMPLE-A-0000132,DONE,FALSE
00000462,00000916,SAMPLE-A-0000462,VOID,FALSE
00000164,00000203,SAMPLE-A-0000164,DONE,FALSE
00000584,00000490,SAMPLE-A-0000584,HOLD,FALSE
00000170,00000777,SAMPLE-A-0000170,VOID,FALSE
00000046,00000064,SAMPLE-A-0000046,VOID,FALSE
00000326,00000351,SAMPLE-A-0000326,VOID,FALSE
00000377,00000638,SAMPLE-A-0000377,DONE,FALSE
00000382,00000925,SAMPLE-A-0000382,VOID,FALSE
00000142,00000212,SAMPLE-A-0000142,HOLD,FALSE
00000076,00000499,SAMPLE-A-0000076,HOLD,FALSE
00000064,00000786,SAMPLE-A-0000064,VOID,FALSE
00000386,00000073,SAMPLE-A-0000386,VOID,FALSE
00000371,00000360,SAMPLE-A-0000371,OPEN,FALSE
00000025,00000647,SAMPLE-A-0000025,DONE,FALSE
00000301,00000934,SAMPLE-A-0000301,OPEN,FALSE
00000360,00000221,SAMPLE-A-0000360,DONE,FALSE
00000618,00000508,SAMPLE-A-0000618,HOLD,FALSE
00000027,00000795,SAMPLE-A-0000027,HOLD,FALSE
00000146,00000082,SAMPLE-A-0000146,DONE,FALSE
00000656,00000369,SAMPLE-A-0000656,DONE,FALSE
00000179,00000943,SAMPLE-A-0000179,VOID,FALSE
00000104,00000230,SAMPLE-A-0000104,VOID,FALSE
00000276,00000517,SAMPLE-A-0000276,HOLD,FALSE
00000691,00000091,SAMPLE-A-0000691,HOLD,FALSE
00000530,00000378,SAMPLE-A-0000530,DONE,FALSE
00000446,00000665,SAMPLE-A-0000446,DONE,FALSE
00000571,00000952,SAMPLE-A-0000571,VOID,FALSE
00000234,00000239,SAMPLE-A-0000234,DONE,FALSE
00000351,00000526,SAMPLE-A-0000351,DONE,FALSE
00000554,00000100,SAMPLE-A-0000554,VOID,FALSE
00000296,00000387,SAMPLE-A-0000296,VOID,FALSE
00000152,00000674,SAMPLE-A-0000152,VOID,FALSE
00000097,00000248,SAMPLE-A-0000097,VOID,FALSE
00000363,00000535,SAMPLE-A-0000363,DONE,FALSE
00000004,00000822,SAMPLE-A-0000004,HOLD,FALSE
00000291,00000109,SAMPLE-A-0000291,OPEN,FALSE
00000660,00000396,SAMPLE-A-0000660,OPEN,FALSE
00000088,00000683,SAMPLE-A-0000088,DONE,FALSE
00000208,00000970,SAMPLE-A-0000208,OPEN,FALSE
00000125,00000257,SAMPLE-A-0000125,HOLD,FALSE
00000169,00000831,SAMPLE-A-0000169,VOID,FALSE
00000077,00000118,SAMPLE-A-0000077,DONE,FALSE
00000690,00000405,SAMPLE-A-0000690,DONE,FALSE
00000183,00000692,SAMPLE-A-0000183,VOID,FALSE
00000694,00000979,SAMPLE-A-0000694,HOLD,FALSE
00000463,00000266,SAMPLE-A-0000463,DONE,FALSE
00000282,00000553,SAMPLE-A-0000282,VOID,FALSE
00000569,00000840,SAMPLE-A-0000569,DONE,FALSE
00000178,00000127,SAMPLE-A-0000178,DONE,FALSE
00000423,00000414,SAMPLE-A-0000423,VOID,FALSE
00000090,00000701,SAMPLE-A-0000090,VOID,FALSE
00000567,00000988,SAMPLE-A-0000567,DONE,FALSE
00000261,00000275,SAMPLE-A-0000261,DONE,FALSE
00000678,00000562,SAMPLE-A-0000678,VOID,FALSE
00000140,00000849,SAMPLE-A-0000140,DONE,FALSE
00000550,00000136,SAMPLE-A-0000550,DONE,FALSE
00000257,00000710,SAMPLE-A-0000257,VOID,FALSE
00000346,00000284,SAMPLE-A-0000346,HOLD,FALSE
00000015,00000571,SAMPLE-A-0000015,DONE,FALSE
00000107,00000858,SAMPLE-A-0000107,OPEN,FALSE
00000032,00000145,SAMPLE-A-0000032,DONE,FALSE
00000019,00000432,SAMPLE-A-0000019,OPEN,FALSE
00000300,00000719,SAMPLE-A-0000300,DONE,FALSE
00000061,00000006,SAMPLE-A-0000061,OPEN,FALSE
00000480,00000293,SAMPLE-A-0000480,OPEN,FALSE
00000031,00000154,SAMPLE-A-0000031,HOLD,FALSE
00000155,00000728,SAMPLE-A-0000155,OPEN,FALSE
00000240,00000015,SAMPLE-A-0000240,VOID,FALSE
00000067,00000302,SAMPLE-A-0000067,HOLD,FALSE
00000601,00000589,SAMPLE-A-0000601,HOLD,FALSE
00000342,00000876,SAMPLE-A-0000342,OPEN,FALSE
00000111,00000163,SAMPLE-A-0000111,DONE,FALSE
00000469,00000450,SAMPLE-A-0000469,VOID,FALSE
00000203,00000737,SAMPLE-A-0000203,DONE,FALSE
00000185,00000024,SAMPLE-A-0000185,HOLD,FALSE
00000191,00000311,SAMPLE-A-0000191,DONE,FALSE
00000635,00000598,SAMPLE-A-0000635,HOLD,FALSE
00000676,00000885,SAMPLE-A-0000676,DONE,FALSE
00000397,00000172,SAMPLE-A-0000397,DONE,FALSE
00000082,00000459,SAMPLE-A-0000082,OPEN,FALSE
00000410,00000746,SAMPLE-A-0000410,OPEN,FALSE
00000070,00000033,SAMPLE-A-0000070,HOLD,FALSE
00000537,00000320,SAMPLE-A-0000537,DONE,FALSE
00000542,00000607,SAMPLE-A-0000542,VOID,FALSE
00000645,00000894,SAMPLE-A-0000645,HOLD,FALSE
00000364,00000181,SAMPLE-A-0000364,OPEN,FALSE
00000075,00000468,SAMPLE-A-0000075,OPEN,FALSE
00000400,00000755,SAMPLE-A-0000400,VOID,FALSE
00000374,00000042,SAMPLE-A-0000374,OPEN,FALSE
00000648,00000329,SAMPLE-A-0000648,VOID,FALSE
00000621,00000616,SAMPLE-A-0000621,HOLD,FALSE
00000445,00000903,SAMPLE-A-0000445,VOID,FALSE
00000002,00000190,SAMPLE-A-0000002,OPEN,FALSE
00000246,00000477,SAMPLE-A-0000246,VOID,FALSE
00000195,00000764,SAMPLE-A-0000195,DONE,FALSE
00000109,00000051,SAMPLE-A-0000109,VOID,FALSE
00000475,00000338,SAMPLE-A-0000475,HOLD,FALSE
00000207,00000625,SAMPLE-A-0000207,OPEN,FALSE
00000060,00000912,SAMPLE-A-0000060,VOID,FALSE
00000239,00000486,SAMPLE-A-0000239,VOID,FALSE
00000154,00000060,SAMPLE-A-0000154,DONE,FALSE
00000307,00000347,SAMPLE-A-0000307,HOLD,FALSE
00000705,00000634,SAMPLE-A-0000705,HOLD,FALSE
00000437,00000921,SAMPLE-A-0000437,OPEN,FALSE
00000085,00000208,SAMPLE-A-0000085,OPEN,FALSE
00000050,00000495,SAMPLE-A-0000050,VOID,FALSE
00000452,00000069,SAMPLE-A-0000452,VOID,FALSE
00000345,00000356,SAMPLE-A-0000345,VOID,FALSE
00000433,00000643,SAMPLE-A-0000433,HOLD,FALSE
00000157,00000930,SAMPLE-A-0000157,HOLD,FALSE
00000005,00000504,SAMPLE-A-0000005,HOLD,FALSE
00000177,00000791,SAMPLE-A-0000177,VOID,FALSE
00000165,00000078,SAMPLE-A-0000165,OPEN,FALSE
00000198,00000365,SAMPLE-A-0000198,DONE,FALSE
00000194,00000652,SAMPLE-A-0000194,VOID,FALSE
00000389,00000939,SAMPLE-A-0000389,VOID,FALSE
00000355,00000226,SAMPLE-A-0000355,DONE,FALSE
00000502,00000513,SAMPLE-A-0000502,HOLD,FALSE
00000182,00000800,SAMPLE-A-0000182,OPEN,FALSE
00000262,00000087,SAMPLE-A-0000262,OPEN,FALSE
00000687,00000374,SAMPLE-A-0000687,HOLD,FALSE
00000247,00000809,SAMPLE-A-0000247,HOLD,FALSE
00000286,00000383,SAMPLE-A-0000286,HOLD,FALSE
00000099,00000670,SAMPLE-A-0000099,OPEN,FALSE
00000337,00000957,SAMPLE-A-0000337,VOID,FALSE
00000091,00000818,SAMPLE-A-0000091,DONE,FALSE
00000335,00000105,SAMPLE-A-0000335,HOLD,FALSE
00000547,00000392,SAMPLE-A-0000547,DONE,FALSE
00000610,00000679,SAMPLE-A-0000610,DONE,FALSE
00000396,00000966,SAMPLE-A-0000396,VOID,FALSE
00000173,00000253,SAMPLE-A-0000173,HOLD,FALSE
00000599,00000540,SAMPLE-A-0000599,HOLD,FALSE
00000485,00000827,SAMPLE-A-0000485,HOLD,FALSE
00000474,00000114,SAMPLE-A-0000474,DONE,FALSE
00000688,00000401,SAMPLE-A-0000688,HOLD,FALSE
00000583,00000688,SAMPLE-A-0000583,OPEN,FALSE
00000544,00000975,SAMPLE-A-0000544,DONE,FALSE
00000321,00000549,SAMPLE-A-0000321,DONE,FALSE
00000254,00000836,SAMPLE-A-0000254,DONE,FALSE
00000163,00000410,SAMPLE-A-0000163,VOID,FALSE
00000468,00000697,SAMPLE-A-0000468,OPEN,FALSE
00000057,00000984,SAMPLE-A-0000057,VOID,FALSE
00000145,00000271,SAMPLE-A-0000145,OPEN,FALSE
00000156,00000558,SAMPLE-A-0000156,VOID,FALSE
00000256,00000845,SAMPLE-A-0000256,HOLD,FALSE
00000439,00000132,SAMPLE-A-0000439,HOLD,FALSE
00000328,00000419,SAMPLE-A-0000328,DONE,FALSE
00000039,00000993,SAMPLE-A-0000039,DONE,FALSE
00000647,00000280,SAMPLE-A-0000647,DONE,FALSE
00000118,00000567,SAMPLE-A-0000118,DONE,FALSE
00000365,00000854,SAMPLE-A-0000365,VOID,FALSE
00000376,00000141,SAMPLE-A-0000376,VOID,FALSE
00000272,00000428,SAMPLE-A-0000272,DONE,FALSE
00000133,00000002,SAMPLE-A-0000133,HOLD,FALSE
00000454,00000289,SAMPLE-A-0000454,OPEN,FALSE
00000277,00000576,SAMPLE-A-0000277,VOID,FALSE
00001010,00000863,,VOID,FALSE
00000392,00000437,SAMPLE-A-0000392,HOLD,FALSE
00000136,00000011,SAMPLE-A-0000136,VOID,FALSE
00000086,00000298,SAMPLE-A-0000086,HOLD,FALSE
00000409,00000585,SAMPLE-A-0000409,HOLD,FALSE
00000387,00000872,SAMPLE-A-0000387,DONE,FALSE
00000206,00000446,SAMPLE-A-0000206,HOLD,FALSE
00000415,00000733,SAMPLE-A-0000415,HOLD,FALSE
00000161,00000020,SAMPLE-A-0000161,HOLD,FALSE
00000481,00000307,SAMPLE-A-0000481,DONE,FALSE
00000083,00000881,SAMPLE-A-0000083,HOLD,FALSE
00000320,00000455,SAMPLE-A-0000320,VOID,FALSE
00000675,00000029,SAMPLE-A-0000675,VOID,FALSE
00000074,00000890,SAMPLE-A-0000074,DONE,FALSE
00000028,00000177,SAMPLE-A-0000028,DONE,FALSE
00000078,00000464,SAMPLE-A-0000078,OPEN,FALSE
00000006,00000751,SAMPLE-A-0000006,VOID,FALSE
00000201,00000038,SAMPLE-A-0000201,OPEN,FALSE
00000035,00000325,SAMPLE-A-0000035,OPEN,FALSE
00000668,00000612,SAMPLE-A-0000668,VOID,FALSE
00000162,00000899,SAMPLE-A-0000162,OPEN,FALSE
00000022,00000473,SAMPLE-A-0000022,OPEN,FALSE
00000338,00000760,SAMPLE-A-0000338,DONE,FALSE
00000413,00000908,SAMPLE-A-0000413,OPEN,FALSE
00000555,00000195,SAMPLE-A-0000555,HOLD,FALSE
00000470,00000482,SAMPLE-A-0000470,DONE,FALSE
00000056,00000769,SAMPLE-A-0000056,VOID,FALSE
00000411,00000056,SAMPLE-A-0000411,DONE,FALSE
00000055,00000343,SAMPLE-A-0000055,DONE,FALSE
00000281,00000630,SAMPLE-A-0000281,OPEN,FALSE
00000464,00000917,SAMPLE-A-0000464,DONE,FALSE
00000135,00000204,SAMPLE-A-0000135,DONE,FALSE
00000124,00000491,SAMPLE-A-0000124,VOID,FALSE
00000552,00000778,SAMPLE-A-0000552,HOLD,FALSE
00000308,00000065,SAMPLE-A-0000308,OPEN,FALSE
00000049,00000352,SAMPLE-A-0000049,DONE,FALSE
00000114,00000639,SAMPLE-A-0000114,VOID,FALSE
00000284,00000213,SAMPLE-A-0000284,OPEN,FALSE
00000202,00000500,SAMPLE-A-0000202,HOLD,FALSE
00000048,00000787,SAMPLE-A-0000048,OPEN,FALSE
00000512,00000074,SAMPLE-A-0000512,VOID,FALSE
00000628,00000935,SAMPLE-A-0000628,HOLD,FALSE
00000408,00000222,SAMPLE-A-0000408,VOID,FALSE
00000081,00000796,SAMPLE-A-0000081,DONE,FALSE
00000492,00000083,SAMPLE-A-0000492,HOLD,FALSE
00000144,00000370,SAMPLE-A-0000144,HOLD,FALSE
00000137,00000657,SAMPLE-A-0000137,DONE,FALSE
00000629,00000944,SAMPLE-A-0000629,VOID,FALSE
00000426,00000231,SAMPLE-A-0000426,HOLD,FALSE
00000204,00000805,SAMPLE-A-0000204,OPEN,FALSE
00000440,00000092,SAMPLE-A-0000440,DONE,FALSE
00000210,00000666,SAMPLE-A-0000210,HOLD,FALSE
00000597,00000953,SAMPLE-A-0000597,OPEN,FALSE
00000652,00000527,SAMPLE-A-0000652,DONE,FALSE
00000456,00000814,SAMPLE-A-0000456,OPEN,FALSE
00000333,00000101,SAMPLE-A-0000333,VOID,FALSE
00000309,00000675,SAMPLE-A-0000309,VOID,FALSE
00000021,00000249,SAMPLE-A-0000021,VOID,FALSE
00000625,00000110,SAMPLE-A-0000625,HOLD,FALSE
00000522,00000397,SAMPLE-A-0000522,VOID,FALSE
00000672,00000971,SAMPLE-A-0000672,VOID,FALSE
00000609,00000832,SAMPLE-A-0000609,VOID,FALSE
00000205,00000119,SAMPLE-A-0000205,HOLD,FALSE
00000260,00000406,SAMPLE-A-0000260,VOID,FALSE
00000051,00000693,SAMPLE-A-0000051,VOID,FALSE
00000071,00000980,SAMPLE-A-0000071,VOID,FALSE
00000038,00000554,SAMPLE-A-0000038,VOID,FALSE
00000319,00000128,SAMPLE-A-0000319,VOID,FALSE
00000503,00000415,SAMPLE-A-0000503,OPEN,FALSE
00000707,00000702,SAMPLE-A-0000707,DONE,FALSE
00000402,00000563,SAMPLE-A-0000402,HOLD,FALSE
00000501,00000137,SAMPLE-A-0000501,DONE,FALSE
00000590,00000424,SAMPLE-A-0000590,OPEN,FALSE
00000001,00000711,SAMPLE-A-0000001,VOID,FALSE
00000160,00000998,SAMPLE-A-0000160,HOLD,FALSE
00000287,00000285,SAMPLE-A-0000287,OPEN,FALSE
00000414,00000572,SAMPLE-A-0000414,DONE,FALSE
00000615,00000859,SAMPLE-A-0000615,VOID,FALSE
00000020,00000146,SAMPLE-A-0000020,HOLD,FALSE
00000665,00000433,SAMPLE-A-0000665,VOID,FALSE
00000158,00000720,SAMPLE-A-0000158,OPEN,FALSE
00000288,00000007,SAMPLE-A-0000288,OPEN,FALSE
00000030,00000294,SAMPLE-A-0000030,HOLD,FALSE
00000404,00000581,SAMPLE-A-0000404,DONE,FALSE
00000044,00000868,SAMPLE-A-0000044,OPEN,FALSE
