key1,key2,b_ref,b_date,b_qty,b_unit,b_total,b_status,b_line,b_memo
00000483,00000346,REF-00000483,20240508,981,02411,02365191,VOID,001,MEMO-35282
00000477,00000633,REF-00000477,20230303,521,83096,43293016,DONE,001,MEMO-02159
00000663,00000920,REF-00000663,20230428,314,54389,17078146,OPEN,001,MEMO-71473
00000100,00000207,REF-00000100,20241208,756,78461,59316516,VOID,001,MEMO-94010
00000018,00000494,REF-00000018,20230203,124,37700,04674800,HOLD,001,MEMO-03878
00000253,00000781,REF-00000253,20250625,644,42743,27526492,VOID,001,MEMO-49290
00000399,00000068,REF-00000399,20240517,206,68785,14169710,VOID,001,MEMO-20566
00000334,00000355,REF-00000334,20240311,126,64762,08160012,DONE,001,MEMO-93395
00000570,00000642,REF-00000570,20230523,876,44703,39159828,OPEN,001,MEMO-34154
00000302,00000929,REF-00000302,20250502,897,08439,07569783,VOID,001,MEMO-61576
00000115,00000216,REF-00000115,20230213,894,63159,56464146,DONE,002,MEMO-66753
00000103,00000503,REF-00000103,20230514,034,66458,02259572,HOLD,002,MEMO-60837
00000034,00000790,REF-00000034,20240626,030,83253,02497590,HOLD,003,MEMO-49333
00000127,00000077,REF-00000127,20230404,367,66452,24387884,OPEN,002,MEMO-66531
00000043,00000364,REF-00000043,20230728,498,77490,38590020,VOID,002,MEMO-92194
00000045,00000651,REF-00000045,20250606,442,32088,14182896,OPEN,003,MEMO-61583
00000121,00000938,REF-00000121,20250611,342,22575,07720650,OPEN,001,MEMO-49982
00000126,00000225,REF-00000126,20230320,827,12114,10018278,VOID,002,MEMO-72063
00000638,00000512,REF-00000638,20240305,678,59870,40591860,HOLD,001,MEMO-63273
00000009,00000799,REF-00000009,20230107,221,57048,12607608,HOLD,005,MEMO-41636
00000102,00000086,REF-00000102,20230406,492,13297,06542124,OPEN,001,MEMO-50002
00000092,00000373,REF-00000092,20231114,729,88569,64566801,VOID,002,MEMO-15255
00000193,00000660,REF-00000193,20240225,269,40092,10784748,HOLD,001,MEMO-26017
00000598,00000947,REF-00000598,20250122,050,62988,03149400,VOID,001,MEMO-94164
00000267,00000234,REF-00000267,20230817,731,83129,60767299,OPEN,001,MEMO-31355
00000379,00000521,REF-00000379,20250118,202,64895,13108790,VOID,001,MEMO-45966
00000058,00000808,REF-00000058,20251204,455,09242,04205110,DONE,003,MEMO-76842
00000576,00000095,REF-00000576,20240301,510,87719,44736690,HOLD,001,MEMO-88552
00000171,00000382,REF-00000171,20241122,446,29446,13132916,DONE,001,MEMO-90036
00000007,00000669,REF-00000007,20251002,605,31797,19237185,VOID,004,MEMO-20149
00000095,00000956,REF-00000095,20231222,710,26533,18838430,OPEN,001,MEMO-01184
00000153,00000243,REF-00000153,20251006,211,23727,05006397,HOLD,002,MEMO-04516
00000535,00000530,REF-00000535,20231127,938,70308,65948904,VOID,001,MEMO-12001
00000113,00000817,REF-00000113,20231107,976,64321,62777296,VOID,002,MEMO-15087
00000279,00000104,REF-00000279,20240620,614,29412,18058968,HOLD,001,MEMO-76908
00000017,00000391,REF-00000017,20230528,215,64384,13842560,HOLD,002,MEMO-28344
00000068,00000678,REF-00000068,20240517,418,00890,00372020,VOID,001,MEMO-90445
00000313,00000965,REF-00000313,20240114,996,07779,07747884,VOID,001,MEMO-85256
00000171,00000252,REF-00000171,20251111,402,25384,10204368,DONE,002,MEMO-94636
00000479,00000539,REF-00000479,20240906,157,07905,01241085,VOID,001,MEMO-50677
00000322,00000826,REF-00000322,20230117,424,25577,10844648,OPEN,001,MEMO-74171
00000607,00000113,REF-00000607,20251117,806,77658,62592348,HOLD,001,MEMO-04108
00000327,00000400,REF-00000327,20251225,077,72322,05568794,HOLD,001,MEMO-33805
00000551,00000687,REF-00000551,20250321,371,31234,11587814,OPEN,001,MEMO-76406
00000406,00000974,REF-00000406,20231128,820,08136,06671520,VOID,001,MEMO-95111
00000432,00000261,REF-00000432,20250505,779,23123,18012817,VOID,001,MEMO-83130
00000484,00000548,REF-00000484,20231012,284,63720,18096480,DONE,001,MEMO-49037
00000230,,REF-00000230,20230105,191,69080,13194280,HOLD,001,MEMO-05414
00001009,00000122,REF-00001009,20240611,629,89289,56162781,OPEN,001,MEMO-69355
00000238,00000409,REF-00000238,20251126,416,35903,14935648,OPEN,001,MEMO-74958
00000540,00000696,REF-00000540,20231006,207,90551,18744057,DONE,001,MEMO-49292
00000566,00000983,REF-00000566,20250201,953,47038,44827214,VOID,001,MEMO-24169
00000026,00000270,REF-00000026,20241017,545,06771,03690195,OPEN,001,MEMO-81239
00000455,00000557,REF-00000455,20230706,233,32079,07474407,VOID,001,MEMO-92641
00000008,00000844,REF-00000008,20241220,584,58267,34027928,DONE,004,MEMO-49833
00000443,00000131,REF-00000443,20241105,938,15247,14301686,DONE,001,MEMO-33424
00000231,00000418,REF-00000231,20230822,607,50135,30431945,OPEN,001,MEMO-18712
00000200,00000705,REF-00000200,20241108,783,48827,38231541,DONE,002,MEMO-69341
00000059,00000992,REF-00000059,20250312,701,08209,05754509,HOLD,002,MEMO-46331
00000666,00000279,REF-00000666,20240327,896,41775,37430400,DONE,001,MEMO-14641
00000012,00000566,REF-00000012,20231114,754,85882,64755028,OPEN,002,MEMO-22202
00000119,00000853,REF-00000119,20250616,020,61863,01237260,OPEN,001,MEMO-21140
00000630,00000140,REF-00000630,20250816,549,24670,13543830,DONE,001,MEMO-97884
00000646,00000427,REF-00000646,20230416,185,48669,09003765,OPEN,001,MEMO-17766
00000016,00000714,REF-00000016,20240126,182,81196,14777672,OPEN,001,MEMO-86068
00000180,00000001,REF-00000180,20240803,371,47422,17593562,VOID,001,MEMO-94012
00000106,00000288,REF-00000106,20250302,408,60625,24735000,HOLD,001,MEMO-91953
00000657,00000575,REF-00000657,20241001,093,55158,05129694,OPEN,001,MEMO-28706
00000013,00000862,REF-00000013,20250110,607,29053,17635171,VOID,001,MEMO-91083
00000605,00000149,REF-00000605,20230406,672,92725,62311200,VOID,001,MEMO-39699
00000093,00000436,REF-00000093,20250606,005,94600,00473000,HOLD,002,MEMO-57090
00000450,00000723,REF-00000450,20241123,839,18023,15121297,DONE,001,MEMO-38059
00000325,00000010,REF-00000325,20250715,676,15215,10285340,OPEN,001,MEMO-16842
00000573,00000297,REF-00000573,20231209,443,28449,12602907,OPEN,001,MEMO-04549
00000595,00000584,REF-00000595,20250516,180,82244,14803920,VOID,001,MEMO-16128
00000349,00000871,REF-00000349,20241020,711,45402,32280822,HOLD,001,MEMO-65822
00000003,00000158,REF-00000003,20251028,680,66069,44926920,OPEN,003,MEMO-84433
00000518,00000445,REF-00000518,20240420,224,18093,04052832,VOID,001,MEMO-16184
00000528,00000732,REF-00000528,20241010,615,90526,55673490,HOLD,001,MEMO-48280
00000624,00000019,REF-00000624,20240417,824,86361,71161464,DONE,001,MEMO-29341
00001003,00000306,REF-00001003,20250910,185,34145,06316825,VOID,001,MEMO-04239
00000275,00000593,REF-00000275,20241116,710,21252,15088920,DONE,001,MEMO-13986
00000073,00000880,REF-00000073,20250520,166,11550,01917300,VOID,001,MEMO-58893
00000008,00000167,REF-00000008,20230611,746,07701,05744946,DONE,001,MEMO-29750
00000138,00000454,REF-00000138,20230717,556,20442,11365752,OPEN,002,MEMO-74998
00000116,00000741,REF-00000116,20240609,495,71968,35624160,OPEN,001,MEMO-82558
00000117,00000028,REF-00000117,20250223,264,94848,25039872,HOLD,002,MEMO-53228
00000515,00000315,REF-00000515,20230719,805,04912,03954160,VOID,001,MEMO-46115
00000181,00000602,REF-00000181,20230206,604,36758,22201832,DONE,002,MEMO-99376
00000689,00000889,REF-00000689,20240925,832,53897,44842304,OPEN,001,MEMO-21134
00000122,00000176,REF-00000122,20230519,673,10629,07153317,HOLD,002,MEMO-71139
00000293,00000463,REF-00000293,20230109,749,64454,48276046,HOLD,001,MEMO-45744
00000033,00000750,REF-00000033,20231123,652,72642,47362584,VOID,002,MEMO-26866
00000026,00000037,REF-00000026,20251227,427,99791,42610757,DONE,003,MEMO-71639
00000548,00000324,REF-00000548,20240616,655,55907,36619085,HOLD,001,MEMO-12584
00000018,00000611,REF-00000018,20250120,700,85468,59827600,VOID,003,MEMO-21838
00000658,00000898,REF-00000658,20250917,716,74649,53448684,VOID,001,MEMO-81983
00000138,00000185,REF-00000138,20230417,370,48356,17891720,OPEN,001,MEMO-94108
00000011,00000472,REF-00000011,20231009,491,68517,33641847,DONE,002,MEMO-09774
00000113,00000759,REF-00000113,20230515,825,23357,19269525,HOLD,001,MEMO-53412
00000594,00000046,REF-00000594,20240616,101,93090,09402090,OPEN,001,MEMO-79941
00000054,00000333,REF-00000054,20241224,931,01504,01400224,VOID,001,MEMO-61217
00000121,00000620,REF-00000121,20230406,338,40537,13701506,OPEN,002,MEMO-92914
00000224,,REF-00000224,20250818,859,35503,30497077,HOLD,001,MEMO-06660
00000271,00000194,REF-00000271,20231026,867,88294,76550898,DONE,001,MEMO-73335
00000696,00000481,REF-00000696,20240126,136,47825,06504200,OPEN,001,MEMO-82404
00000101,00000768,REF-00000101,20250813,707,24794,17529358,HOLD,001,MEMO-77157
00000348,00000055,REF-00000348,20240407,951,27641,26286591,DONE,001,MEMO-98123
00000698,00000342,REF-00000698,20250802,049,14849,00727601,HOLD,001,MEMO-95993
00000132,00000629,REF-00000132,20251125,034,83434,02836756,DONE,002,MEMO-56483
00000462,00000916,REF-00000462,20231228,108,87393,09438444,VOID,001,MEMO-11559
00000164,00000203,REF-00000164,20250821,310,02109,00653790,DONE,002,MEMO-23761
00000584,00000490,REF-00000584,20230107,268,32750,08777000,HOLD,001,MEMO-28794
00000170,00000777,REF-00000170,20250205,615,62655,38532825,VOID,001,MEMO-50928
00000046,00000064,REF-00000046,20241201,259,33819,08759121,VOID,002,MEMO-03611
00000326,00000351,REF-00000326,20231128,182,01278,00232596,VOID,001,MEMO-22315
00000377,00000638,REF-00000377,20250828,006,13914,00083484,DONE,001,MEMO-39923
00000382,00000925,REF-00000382,20231106,984,84715,83359560,VOID,001,MEMO-22405
00000142,00000212,REF-00000142,20251123,635,92138,58507630,HOLD,002,MEMO-87362
00000076,00000499,REF-00000076,20240618,085,48045,04083825,HOLD,002,MEMO-12991
00000064,00000786,REF-00000064,20251225,911,62201,56665111,VOID,002,MEMO-83705
00000386,00000073,REF-00000386,20240406,160,73083,11693280,VOID,001,MEMO-45877
00000371,00000360,REF-00000371,20230819,500,15138,07569000,OPEN,001,MEMO-63655
00000025,00000647,REF-00000025,20241007,318,40093,12749574,DONE,002,MEMO-74233
00000301,00000934,REF-00000301,20250606,180,12291,02212380,OPEN,001,MEMO-21435
00000360,00000221,REF-00000360,20230622,758,61320,46480560,DONE,001,MEMO-36222
00000618,00000508,REF-00000618,20241024,725,93755,67972375,HOLD,001,MEMO-23168
00000027,00000795,REF-00000027,20250306,803,99022,79514666,HOLD,003,MEMO-34342
00000146,00000082,REF-00000146,20240418,489,31878,15588342,DONE,001,MEMO-90037
00000656,00000369,REF-00000656,20241111,204,39103,07977012,DONE,001,MEMO-59504
00000043,00000656,REF-00000043,20250814,274,63187,17313238,VOID,003,MEMO-28808
00000179,00000943,REF-00000179,20231108,357,96699,34521543,VOID,002,MEMO-73643
00000104,00000230,REF-00000104,20250222,154,03246,00499884,VOID,001,MEMO-12188
00000276,00000517,REF-00000276,20250323,257,56181,14438517,HOLD,001,MEMO-10974
00000225,,REF-00000225,20251014,418,16583,06931694,OPEN,001,MEMO-14612
00000691,00000091,REF-00000691,20251104,194,50530,09802820,HOLD,001,MEMO-32005
00000530,00000378,REF-00000530,20241103,570,56476,32191320,DONE,001,MEMO-56682
00000446,00000665,REF-00000446,20250405,149,49838,07425862,DONE,001,MEMO-62879
00000571,00000952,REF-00000571,20231114,914,75589,69088346,VOID,001,MEMO-01073
00000234,00000239,REF-00000234,20230217,279,44447,12400713,DONE,001,MEMO-71553
00000351,00000526,REF-00000351,20231101,595,13200,07854000,DONE,001,MEMO-62513
00000013,00000813,REF-00000013,20231217,219,74757,16371783,HOLD,003,MEMO-41031
00000554,00000100,REF-00000554,20230312,785,94431,74128335,VOID,001,MEMO-99295
00000296,00000387,REF-00000296,20230703,118,15367,01813306,VOID,001,MEMO-14761
00000152,00000674,REF-00000152,20250918,295,86696,25575320,VOID,002,MEMO-58515
00000193,00000961,REF-00000193,20230702,838,33239,27854282,VOID,002,MEMO-71792
00000097,00000248,REF-00000097,20250907,677,80147,54259519,VOID,001,MEMO-11323
00000363,00000535,REF-00000363,20230228,088,74469,06553272,DONE,001,MEMO-10355
00000004,00000822,REF-00000004,20241019,793,19543,15497599,HOLD,001,MEMO-47316
00000291,00000109,REF-00000291,20230807,456,07331,03342936,OPEN,001,MEMO-66250
00000660,00000396,REF-00000660,20250607,607,71362,43316734,OPEN,001,MEMO-01847
00000088,00000683,REF-00000088,20250805,445,39018,17363010,DONE,001,MEMO-89972
00000208,00000970,REF-00000208,20250228,570,14046,08006220,OPEN,001,MEMO-91865
00000125,00000257,REF-00000125,20230512,077,72574,05588198,HOLD,002,MEMO-12369
00000058,00000544,REF-00000058,20230807,176,20091,03536016,OPEN,002,MEMO-26695
00000169,00000831,REF-00000169,20241224,062,05608,00347696,VOID,002,MEMO-97953
00000077,00000118,REF-00000077,20230228,584,23378,13652752,DONE,002,MEMO-54178
00000690,00000405,REF-00000690,20240404,021,80561,01691781,DONE,001,MEMO-00298
00000183,00000692,REF-00000183,20241223,088,68038,05987344,VOID,001,MEMO-48520
00000694,00000979,REF-00000694,20251111,674,95802,64570548,HOLD,001,MEMO-39323
00000463,00000266,REF-00000463,20240703,774,65967,51058458,DONE,001,MEMO-97409
00000282,00000553,REF-00000282,20250904,574,53548,30736552,VOID,001,MEMO-93750
00000569,00000840,REF-00000569,20230228,524,69207,36264468,DONE,001,MEMO-39242
00000178,00000127,REF-00000178,20250808,929,62479,58042991,DONE,002,MEMO-38714
00000423,00000414,REF-00000423,20230813,660,67744,44711040,VOID,001,MEMO-43301
00000090,00000701,REF-00000090,20250528,050,30803,01540150,VOID,001,MEMO-95979
00000567,00000988,REF-00000567,20231003,385,05314,02045890,DONE,001,MEMO-34251
00000261,00000275,REF-00000261,20230226,543,79558,43199994,DONE,001,MEMO-11975
00000678,00000562,REF-00000678,20240805,585,38251,22376835,VOID,001,MEMO-20722
00000140,00000849,REF-00000140,20230621,111,00722,00080142,DONE,002,MEMO-68915
00000550,00000136,REF-00000550,20241110,114,50431,05749134,DONE,001,MEMO-34304
00000222,,REF-00000222,20230312,643,04225,02716675,VOID,001,MEMO-60774
00000257,00000710,REF-00000257,20240926,759,13359,10139481,VOID,001,MEMO-19808
00000073,00000997,REF-00000073,20230522,992,86981,86285152,HOLD,002,MEMO-50856
00000346,00000284,REF-00000346,20230625,067,54810,03672270,HOLD,001,MEMO-94997
00000015,00000571,REF-00000015,20251221,161,37737,06075657,DONE,003,MEMO-73174
00000107,00000858,REF-00000107,20231225,294,72249,21241206,OPEN,002,MEMO-88901
00000032,00000145,REF-00000032,20230613,895,77798,69629210,DONE,001,MEMO-85654
00000019,00000432,REF-00000019,20251022,346,63407,21938822,OPEN,001,MEMO-48463
00000300,00000719,REF-00000300,20230613,140,97553,13657420,DONE,001,MEMO-91798
00000061,00000006,REF-00000061,20251022,464,96645,44843280,OPEN,002,MEMO-65384
00000480,00000293,REF-00000480,20230819,443,13156,05828108,OPEN,001,MEMO-58987
00000059,00000580,REF-00000059,20250515,302,84970,25660940,DONE,001,MEMO-61007
00000026,00000867,REF-00000026,20250128,684,52224,35721216,VOID,002,MEMO-18809
00000031,00000154,REF-00000031,20250811,331,89126,29500706,HOLD,001,MEMO-75895
00000025,00000441,REF-00000025,20240726,723,69147,49993281,DONE,001,MEMO-02695
00000155,00000728,REF-00000155,20250702,586,28634,16779524,OPEN,001,MEMO-88573
00000240,00000015,REF-00000240,20250911,425,96057,40824225,VOID,001,MEMO-90253
00000067,00000302,REF-00000067,20250717,211,10919,02303909,HOLD,001,MEMO-72452
00000601,00000589,REF-00000601,20240623,402,82650,33225300,HOLD,001,MEMO-35451
00000342,00000876,REF-00000342,20230509,373,56765,21173345,OPEN,001,MEMO-78740
00000111,00000163,REF-00000111,20240720,630,56741,35746830,DONE,001,MEMO-65620
00000469,00000450,REF-00000469,20230318,139,72283,10047337,VOID,001,MEMO-58371
00000203,00000737,REF-00000203,20240327,359,27846,09996714,DONE,002,MEMO-35072
00000185,00000024,REF-00000185,20251106,406,22857,09279942,HOLD,002,MEMO-85440
00000191,00000311,REF-00000191,20231014,661,47761,31570021,DONE,001,MEMO-54550
00000635,00000598,REF-00000635,20241112,600,63491,38094600,HOLD,001,MEMO-60191
00000676,00000885,REF-00000676,20240705,261,21937,05725557,DONE,001,MEMO-77719
00000397,00000172,REF-00000397,20251208,503,45923,23099269,DONE,001,MEMO-13135
00000082,00000459,REF-00000082,20240401,792,13071,10352232,OPEN,002,MEMO-16069
00000410,00000746,REF-00000410,20250201,635,94855,60232925,OPEN,001,MEMO-40455
00000070,00000033,REF-00000070,20251121,865,96876,83797740,HOLD,001,MEMO-25506
00000537,00000320,REF-00000537,20240415,040,96005,03840200,DONE,001,MEMO-82801
00000542,00000607,REF-00000542,20250207,856,12748,10912288,VOID,001,MEMO-80067
00000645,00000894,REF-00000645,20250727,919,38318,35214242,HOLD,001,MEMO-03624
00000364,00000181,REF-00000364,20240904,608,36521,22204768,OPEN,001,MEMO-91849
00000075,00000468,REF-00000075,20231223,049,71450,03501050,OPEN,001,MEMO-45662
00000400,00000755,REF-00000400,20240902,031,65100,02018100,VOID,001,MEMO-81158
00000374,00000042,REF-00000374,20250623,351,96783,33970833,OPEN,001,MEMO-28764
00000648,00000329,REF-00000648,20240121,088,06725,00591800,VOID,001,MEMO-04372
00000621,00000616,REF-00000621,20240618,467,11608,05420936,HOLD,001,MEMO-28922
00000445,00000903,REF-00000445,20240403,096,76912,07383552,VOID,001,MEMO-86132
00000002,00000190,REF-00000002,20240903,276,42942,11851992,OPEN,001,MEMO-15837
00000246,00000477,REF-00000246,20250901,345,26527,09151815,VOID,001,MEMO-65838
00000195,00000764,REF-00000195,20230227,186,45957,08548002,DONE,001,MEMO-85922
00000109,00000051,REF-00000109,20240808,275,11391,03132525,VOID,002,MEMO-56343
00000475,00000338,REF-00000475,20230925,776,73882,57332432,HOLD,001,MEMO-75739
00000207,00000625,REF-00000207,20250613,498,20824,10370352,OPEN,001,MEMO-80810
00000060,00000912,REF-00000060,20231116,729,45157,32919453,VOID,003,MEMO-97017
00000101,00000199,REF-00000101,20240321,375,27969,10488375,DONE,002,MEMO-08402
00000239,00000486,REF-00000239,20230328,371,18206,06754426,VOID,001,MEMO-85660
00000007,00000773,REF-00000007,20241103,341,08116,02767556,VOID,003,MEMO-63432
00000154,00000060,REF-00000154,20231007,642,32065,20585730,DONE,001,MEMO-76711
00000307,00000347,REF-00000307,20231016,163,12792,02085096,HOLD,001,MEMO-66493
00000705,00000634,REF-00000705,20251201,148,19711,02917228,HOLD,001,MEMO-85862
00000437,00000921,REF-00000437,20240905,227,34766,07891882,OPEN,001,MEMO-16666
00000085,00000208,REF-00000085,20230827,767,85627,65675909,OPEN,001,MEMO-10162
00000050,00000495,REF-00000050,20251209,959,87759,84160881,VOID,003,MEMO-71193
00000059,00000782,REF-00000059,20251010,022,68848,01514656,OPEN,003,MEMO-09473
00000452,00000069,REF-00000452,20230310,616,90181,55551496,VOID,001,MEMO-63170
00000345,00000356,REF-00000345,20250523,369,76102,28081638,VOID,001,MEMO-92005
00000433,00000643,REF-00000433,20240702,251,08271,02076021,HOLD,001,MEMO-67938
00000157,00000930,REF-00000157,20250402,198,50649,10028502,HOLD,001,MEMO-98100
00000019,00000217,REF-00000019,20241103,241,96201,23184441,DONE,003,MEMO-97576
00000005,00000504,REF-00000005,20240614,781,90099,70367319,HOLD,004,MEMO-92383
00000177,00000791,REF-00000177,20240812,795,32822,26093490,VOID,001,MEMO-19202
00000165,00000078,REF-00000165,20231113,423,59023,24966729,OPEN,002,MEMO-12311
00000198,00000365,REF-00000198,20250416,392,80850,31693200,DONE,002,MEMO-63892
00000194,00000652,REF-00000194,20231208,850,63639,54093150,VOID,001,MEMO-48074
00000389,00000939,REF-00000389,20230322,857,55357,47440949,VOID,001,MEMO-58985
00000355,00000226,REF-00000355,20231104,094,37211,03497834,DONE,001,MEMO-86851
00000502,00000513,REF-00000502,20230902,297,71803,21325491,HOLD,001,MEMO-44878
00000182,00000800,REF-00000182,20240517,372,07248,02696256,OPEN,001,MEMO-34319
00000262,00000087,REF-00000262,20250711,427,20144,08601488,OPEN,001,MEMO-36108
00000687,00000374,REF-00000687,20230502,375,44314,16617750,HOLD,001,MEMO-25100
00000009,00000661,REF-00000009,20250922,062,64234,03982508,VOID,002,MEMO-15880
00000117,00000948,REF-00000117,20230303,752,24970,18777440,VOID,001,MEMO-59840
00000061,00000235,REF-00000061,20250205,330,19598,06467340,OPEN,001,MEMO-63228
00000103,00000522,REF-00000103,20230306,663,98206,65110578,DONE,001,MEMO-70827
00000247,00000809,REF-00000247,20250415,540,43053,23248620,HOLD,001,MEMO-98832
00000025,00000096,REF-00000025,20251026,102,61221,06244542,OPEN,003,MEMO-14405
00000286,00000383,REF-00000286,20240206,062,52593,03260766,HOLD,001,MEMO-69922
00000099,00000670,REF-00000099,20250601,346,31343,10844678,OPEN,001,MEMO-11087
00000337,00000957,REF-00000337,20230819,777,17870,13884990,VOID,001,MEMO-98216
00000054,00000244,REF-00000054,20240120,828,34241,28351548,HOLD,002,MEMO-34845
00000003,00000531,REF-00000003,20241219,466,47897,22320002,VOID,005,MEMO-22507
00000091,00000818,REF-00000091,20240715,429,43077,18480033,DONE,002,MEMO-64717
00000335,00000105,REF-00000335,20251126,591,73425,43394175,HOLD,001,MEMO-37890
00000547,00000392,REF-00000547,20240317,860,65059,55950740,DONE,001,MEMO-85662
00000610,00000679,REF-00000610,20251206,115,42620,04901300,DONE,001,MEMO-07946
00000396,00000966,REF-00000396,20250613,770,86128,66318560,VOID,001,MEMO-12896
00000173,00000253,REF-00000173,20240102,155,44872,06955160,HOLD,002,MEMO-95936
00000599,00000540,REF-00000599,20250410,383,59808,22906464,HOLD,001,MEMO-87594
00000485,00000827,REF-00000485,20230104,835,88155,73609425,HOLD,001,MEMO-40399
00000474,00000114,REF-00000474,20230713,942,82817,78013614,DONE,001,MEMO-84740
00000688,00000401,REF-00000688,20240212,613,98762,60541106,HOLD,001,MEMO-00668
00000583,00000688,REF-00000583,20240126,328,00032,00010496,OPEN,001,MEMO-19602
00000544,00000975,REF-00000544,20240417,458,18501,08473458,DONE,001,MEMO-60351
00000032,00000262,REF-00000032,20240303,894,10813,09666822,DONE,002,MEMO-36405
00000321,00000549,REF-00000321,20231025,593,29967,17770431,DONE,001,MEMO-07328
00000254,00000836,REF-00000254,20251224,309,63876,19737684,DONE,001,MEMO-06034
00000018,00000123,REF-00000018,20231027,379,47377,17955883,DONE,002,MEMO-46400
00000163,00000410,REF-00000163,20250501,505,03516,01775580,VOID,001,MEMO-61048
00000468,00000697,REF-00000468,20241017,005,31077,00155385,OPEN,001,MEMO-68045
00000057,00000984,REF-00000057,20240420,162,68470,11092140,VOID,003,MEMO-68522
00000145,00000271,REF-00000145,20251002,869,94884,82454196,OPEN,001,MEMO-02284
00000156,00000558,REF-00000156,20240825,506,03674,01859044,VOID,001,MEMO-04223
00000256,00000845,REF-00000256,20251118,060,58347,03500820,HOLD,001,MEMO-14319
00000439,00000132,REF-00000439,20230918,750,35065,26298750,HOLD,001,MEMO-95627
00000328,00000419,REF-00000328,20250511,433,26560,11500480,DONE,001,MEMO-23828
00000169,00000706,REF-00000169,20230120,063,38865,02448495,HOLD,001,MEMO-71283
00000039,00000993,REF-00000039,20251227,873,93155,81324315,DONE,003,MEMO-41667
00000647,00000280,REF-00000647,20230316,705,56344,39722520,DONE,001,MEMO-80075
00000118,00000567,REF-00000118,20231016,456,45685,20832360,DONE,001,MEMO-85106
00000365,00000854,REF-00000365,20250502,870,37947,33013890,VOID,001,MEMO-59381
00000376,00000141,REF-00000376,20231214,625,88252,55157500,VOID,001,MEMO-45896
00000272,00000428,REF-00000272,20250902,692,50876,35206192,DONE,001,MEMO-46773
00000003,00000715,REF-00000003,20230226,686,71787,49245882,DONE,004,MEMO-46731
00000133,00000002,REF-00000133,20230514,647,86429,55919563,HOLD,001,MEMO-16118
00000454,00000289,REF-00000454,20230802,880,89198,78494240,OPEN,001,MEMO-85273
00000277,00000576,REF-00000277,20250603,974,50914,49590236,VOID,001,MEMO-25113
00001010,00000863,REF-00001010,20250523,387,44764,17323668,VOID,001,MEMO-37799
00000003,00000150,REF-00000003,20231101,961,90599,87065639,DONE,001,MEMO-99224
00000392,00000437,REF-00000392,20251112,384,14927,05731968,HOLD,001,MEMO-35599
00000011,00000724,REF-00000011,20230313,863,49635,42835005,VOID,003,MEMO-48588
00000136,00000011,REF-00000136,20231120,267,41586,11103462,VOID,001,MEMO-56586
00000086,00000298,REF-00000086,20230903,339,19604,06645756,HOLD,002,MEMO-93635
00000409,00000585,REF-00000409,20250807,227,74306,16867462,HOLD,001,MEMO-36462
00000387,00000872,REF-00000387,20250813,239,74318,17762002,DONE,001,MEMO-82879
00000005,00000159,REF-00000005,20230425,786,66111,51963246,OPEN,002,MEMO-54648
00000206,00000446,REF-00000206,20230917,294,20475,06019650,HOLD,001,MEMO-10721
00000415,00000733,REF-00000415,20250709,273,52369,14296737,HOLD,001,MEMO-72865
00000161,00000020,REF-00000161,20251223,521,51729,26950809,HOLD,001,MEMO-90790
00000481,00000307,REF-00000481,20250925,344,19900,06845600,DONE,001,MEMO-10340
00000082,00000594,REF-00000082,20251018,651,01182,00769482,OPEN,001,MEMO-71580
00000083,00000881,REF-00000083,20240227,671,02052,01376892,HOLD,002,MEMO-95825
00000125,00000168,REF-00000125,20241102,395,97242,38410590,DONE,001,MEMO-28213
00000320,00000455,REF-00000320,20230807,530,63181,33485930,VOID,001,MEMO-16013
00000057,00000742,REF-00000057,20241120,055,45181,02484955,DONE,002,MEMO-75090
00000675,00000029,REF-00000675,20241223,520,85914,44675280,VOID,001,MEMO-06146
00000027,00000316,REF-00000027,20230719,282,74505,21010410,VOID,001,MEMO-72237
00000153,00000603,REF-00000153,20240802,177,87314,15454578,VOID,001,MEMO-29194
00000074,00000890,REF-00000074,20250818,551,98323,54175973,DONE,002,MEMO-45476
00000028,00000177,REF-00000028,20240322,846,50193,42463278,DONE,002,MEMO-03809
00000078,00000464,REF-00000078,20230821,030,09834,00295020,OPEN,001,MEMO-64559
00000006,00000751,REF-00000006,20240819,901,88768,79979968,VOID,005,MEMO-13171
00000201,00000038,REF-00000201,20230717,260,01598,00415480,OPEN,002,MEMO-58607
00000035,00000325,REF-00000035,20250521,606,31495,19085970,OPEN,003,MEMO-56860
00000668,00000612,REF-00000668,20250207,463,71689,33192007,VOID,001,MEMO-39136
00000162,00000899,REF-00000162,20231209,837,07635,06390495,OPEN,001,MEMO-29372
00000226,,REF-00000226,20241220,309,27238,08416542,VOID,001,MEMO-90582
00000022,00000473,REF-00000022,20250214,326,15904,05184704,OPEN,002,MEMO-18634
00000338,00000760,REF-00000338,20241128,647,93699,60623253,DONE,001,MEMO-22272
00000182,00000047,REF-00000182,20250517,156,49285,07688460,VOID,002,MEMO-12939
00000017,00000334,REF-00000017,20250117,953,96436,91903508,VOID,001,MEMO-37950
00000043,00000621,REF-00000043,20240628,516,60457,31195812,HOLD,001,MEMO-53401
00000413,00000908,REF-00000413,20251002,630,04428,02789640,OPEN,001,MEMO-68902
00000555,00000195,REF-00000555,20250818,602,01010,00608020,HOLD,001,MEMO-25251
00000470,00000482,REF-00000470,20240312,377,52640,19845280,DONE,001,MEMO-74755
00000056,00000769,REF-00000056,20230314,412,04381,01804972,VOID,001,MEMO-38763
00000411,00000056,REF-00000411,20250903,141,25586,03607626,DONE,001,MEMO-68151
00000055,00000343,REF-00000055,20240714,325,69265,22511125,DONE,001,MEMO-63462
00000281,00000630,REF-00000281,20240504,352,87001,30624352,OPEN,001,MEMO-95548
00000464,00000917,REF-00000464,20230604,603,30661,18488583,DONE,001,MEMO-06723
00000135,00000204,REF-00000135,20241123,311,13225,04112975,DONE,001,MEMO-73485
00000124,00000491,REF-00000124,20230801,746,37740,28154040,VOID,001,MEMO-20051
00000552,00000778,REF-00000552,20241109,531,15457,08207667,HOLD,001,MEMO-93067
00000308,00000065,REF-00000308,20240918,249,39118,09740382,OPEN,001,MEMO-10411
00000049,00000352,REF-00000049,20250807,738,76017,56100546,DONE,001,MEMO-27639
00000114,00000639,REF-00000114,20250526,103,44482,04581646,VOID,001,MEMO-22155
00000004,00000926,REF-00000004,20231110,932,76776,71555232,VOID,003,MEMO-23521
00000284,00000213,REF-00000284,20251003,022,45098,00992156,OPEN,001,MEMO-07757
00000202,00000500,REF-00000202,20251122,300,18848,05654400,HOLD,002,MEMO-90136
00000048,00000787,REF-00000048,20250221,381,65836,25083516,OPEN,002,MEMO-27295
00000512,00000074,REF-00000512,20240402,066,93799,06190734,VOID,001,MEMO-48791
00000031,00000361,REF-00000031,20240826,494,68948,34060312,OPEN,003,MEMO-19730
00000202,00000648,REF-00000202,20250114,094,48590,04567460,DONE,001,MEMO-32604
00000628,00000935,REF-00000628,20230926,767,24099,18483933,HOLD,001,MEMO-67015
00000408,00000222,REF-00000408,20250106,686,10517,07214662,VOID,001,MEMO-59571
00000208,00000509,REF-00000208,20240519,658,73548,48394584,OPEN,002,MEMO-12447
00000081,00000796,REF-00000081,20230614,767,36053,27652651,DONE,002,MEMO-04125
00000492,00000083,REF-00000492,20230223,001,14742,00014742,HOLD,001,MEMO-91099
00000144,00000370,REF-00000144,20251203,687,31348,21536076,HOLD,001,MEMO-35658
00000137,00000657,REF-00000137,20230219,048,29180,01400640,DONE,002,MEMO-80463
00000629,00000944,REF-00000629,20240126,678,95532,64770696,VOID,001,MEMO-45332
00000426,00000231,REF-00000426,20231022,305,29155,08892275,HOLD,001,MEMO-34381
00000022,00000518,REF-00000022,20240602,884,51062,45138808,DONE,003,MEMO-04659
00000204,00000805,REF-00000204,20251019,146,37355,05453830,OPEN,001,MEMO-10288
00000440,00000092,REF-00000440,20230201,710,60062,42644020,DONE,001,MEMO-20032
00000005,00000379,REF-00000005,20250623,710,51991,36913610,HOLD,005,MEMO-68190
00000210,00000666,REF-00000210,20230102,043,40416,01737888,HOLD,001,MEMO-01777
00000597,00000953,REF-00000597,20240508,800,74017,59213600,OPEN,001,MEMO-93555
00000055,00000240,REF-00000055,20231122,197,25174,04959278,OPEN,003,MEMO-36861
00000652,00000527,REF-00000652,20240715,386,07019,02709334,DONE,001,MEMO-55479
00000456,00000814,REF-00000456,20230428,078,91963,07173114,OPEN,001,MEMO-52099
00000333,00000101,REF-00000333,20231205,757,08983,06800131,VOID,001,MEMO-13927
00000086,00000388,REF-00000086,20231128,994,25139,24988166,DONE,001,MEMO-85929
00000309,00000675,REF-00000309,20241219,802,14088,11298576,VOID,001,MEMO-20906
00000106,00000962,REF-00000106,20250513,321,60255,19341855,VOID,002,MEMO-18806
00000021,00000249,REF-00000021,20230725,907,64068,58109676,VOID,003,MEMO-87778
00000032,00000536,REF-00000032,20251012,440,52340,23029600,OPEN,003,MEMO-96132
00000008,00000823,REF-00000008,20231122,583,32498,18946334,OPEN,003,MEMO-51360
00000625,00000110,REF-00000625,20251117,829,69666,57753114,HOLD,001,MEMO-57511
00000522,00000397,REF-00000522,20240101,862,80914,69747868,VOID,001,MEMO-42937
00000005,00000684,REF-00000005,20251017,981,96452,94619412,VOID,001,MEMO-30573
00000672,00000971,REF-00000672,20250615,113,83306,09413578,VOID,001,MEMO-49745
00000050,00000258,REF-00000050,20230102,779,24011,18704569,HOLD,001,MEMO-74929
00000054,00000545,REF-00000054,20250702,512,93354,47797248,HOLD,003,MEMO-67909
00000609,00000832,REF-00000609,20250214,870,90857,79045590,VOID,001,MEMO-83125
00000205,00000119,REF-00000205,20240611,427,73022,31180394,HOLD,002,MEMO-99344
00000260,00000406,REF-00000260,20250906,482,25021,12060122,VOID,001,MEMO-19322
00000051,00000693,REF-00000051,20250121,707,18398,13007386,VOID,001,MEMO-21918
00000071,00000980,REF-00000071,20240123,674,23707,15978518,VOID,001,MEMO-29155
00000161,00000267,REF-00000161,20230618,591,44628,26375148,DONE,002,MEMO-72889
00000038,00000554,REF-00000038,20230717,150,76752,11512800,VOID,003,MEMO-83227
00000002,00000841,REF-00000002,20240613,827,17231,14250037,OPEN,004,MEMO-95121
00000319,00000128,REF-00000319,20230721,433,55923,24214659,VOID,001,MEMO-21404
00000503,00000415,REF-00000503,20250618,078,29280,02283840,OPEN,001,MEMO-67218
00000707,00000702,REF-00000707,20230309,460,04964,02283440,DONE,001,MEMO-22239
00000111,00000989,REF-00000111,20250827,313,14537,04550081,DONE,002,MEMO-15686
00000033,00000276,REF-00000033,20230928,757,24478,18529846,OPEN,001,MEMO-48550
00000402,00000563,REF-00000402,20250704,448,37726,16901248,HOLD,001,MEMO-11483
00000012,00000850,REF-00000012,20240712,040,84696,03387840,DONE,003,MEMO-64068
00000501,00000137,REF-00000501,20231111,084,78652,06606768,DONE,001,MEMO-66661
00000590,00000424,REF-00000590,20230927,389,32594,12679066,OPEN,001,MEMO-88436
00000001,00000711,REF-00000001,20231105,157,33712,05292784,VOID,003,MEMO-85147
00000160,00000998,REF-00000160,20231223,720,92861,66859920,HOLD,002,MEMO-04452
00000287,00000285,REF-00000287,20250601,600,15023,09013800,OPEN,001,MEMO-60109
00000414,00000572,REF-00000414,20230303,058,05317,00308386,DONE,001,MEMO-73424
00000615,00000859,REF-00000615,20250122,382,69988,26735416,VOID,001,MEMO-06113
00000020,00000146,REF-00000020,20230922,149,73261,10915889,HOLD,002,MEMO-24349
00000665,00000433,REF-00000665,20251006,061,33802,02061922,VOID,001,MEMO-88542
00000158,00000720,REF-00000158,20230714,717,44445,31867065,OPEN,002,MEMO-01139
00000288,00000007,REF-00000288,20251010,189,96330,18206370,OPEN,001,MEMO-63550
00000030,00000294,REF-00000030,20240928,959,81348,78012732,HOLD,002,MEMO-57637
00000404,00000581,REF-00000404,20240726,154,26003,04004462,DONE,001,MEMO-49169
00000044,00000868,REF-00000044,20250216,559,77802,43491318,OPEN,002,MEMO-25448
00000709,00000155,REF-00000709,20230428,785,94859,74464315,OPEN,001,MEMO-37329
00000157,00000442,REF-00000157,20231002,227,27815,06314005,DONE,002,MEMO-08642
00000040,00000729,REF-00000040,20231001,782,41210,32226220,VOID,002,MEMO-64827
00000506,00000016,REF-00000506,20250811,654,61208,40030032,DONE,001,MEMO-89868
00000189,00000303,REF-00000189,20250706,661,32133,21239913,HOLD,001,MEMO-08160
00000179,00000590,REF-00000179,20230121,369,62192,22948848,OPEN,001,MEMO-58926
00000019,00000877,REF-00000019,20250127,859,38799,33328341,OPEN,002,MEMO-17608
00000159,00000164,REF-00000159,20240419,991,86578,85798798,VOID,001,MEMO-73593
00000581,00000451,REF-00000581,20240428,159,11526,01832634,VOID,001,MEMO-83749
00000166,00000738,REF-00000166,20230703,980,95271,93365580,DONE,001,MEMO-42407
00000273,00000025,REF-00000273,20240209,553,98793,54632529,HOLD,001,MEMO-73064
00000011,00000312,REF-00000011,20230217,272,58077,15796944,HOLD,001,MEMO-36635
00000014,00000599,REF-00000014,20250410,704,38224,26909696,HOLD,001,MEMO-03193
00000038,00000886,REF-00000038,20231016,513,06141,03150333,DONE,002,MEMO-70932
00000014,00000173,REF-00000014,20230711,200,84072,16814400,VOID,003,MEMO-85153
00000667,00000460,REF-00000667,20230106,356,37582,13379192,HOLD,001,MEMO-50839
00000586,00000747,REF-00000586,20251220,002,82831,00165662,DONE,001,MEMO-34321
00000200,00000034,REF-00000200,20241126,098,66419,06509062,HOLD,001,MEMO-01091
00000029,00000321,REF-00000029,20240218,412,55856,23012672,OPEN,001,MEMO-11840
00000545,00000608,REF-00000545,20240621,260,94215,24495900,HOLD,001,MEMO-70002
00000370,00000895,REF-00000370,20250428,845,56967,48137115,HOLD,001,MEMO-93167
00000369,00000182,REF-00000369,20231105,785,42140,33079900,VOID,001,MEMO-65268
00000359,00000469,REF-00000359,20250306,887,95545,84748415,HOLD,001,MEMO-31468
00000167,00000756,REF-00000167,20240613,492,71792,35321664,HOLD,001,MEMO-46137
00000427,00000043,REF-00000427,20230416,794,45200,35888800,OPEN,001,MEMO-70847
00000388,00000330,REF-00000388,20251108,344,67493,23217592,OPEN,001,MEMO-20781
00000047,00000617,REF-00000047,20241206,918,28692,26339256,VOID,001,MEMO-25199
00000289,00000904,REF-00000289,20240803,560,04669,02614640,VOID,001,MEMO-06744
00000152,00000191,REF-00000152,20230116,888,67536,59971968,OPEN,001,MEMO-73327
00000108,00000478,REF-00000108,20240627,840,48531,40766040,DONE,002,MEMO-00190
00000027,00000765,REF-00000027,20240522,981,34052,33405012,OPEN,002,MEMO-70310
00000606,00000052,REF-00000606,20230223,983,11907,11704581,DONE,001,MEMO-33854
00000419,00000339,REF-00000419,20230907,886,14148,12535128,HOLD,001,MEMO-67819
00000069,00000626,REF-00000069,20230518,159,29400,04674600,DONE,002,MEMO-26145
00000168,00000913,REF-00000168,20240309,747,45994,34357518,DONE,001,MEMO-11892
00000280,00000200,REF-00000280,20231023,497,99272,49338184,HOLD,001,MEMO-16607
00000035,00000487,REF-00000035,20251203,618,23258,14373444,DONE,001,MEMO-15396
00000299,00000774,REF-00000299,20230702,458,71975,32964550,VOID,001,MEMO-30503
00000444,00000061,REF-00000444,20251114,146,51453,07512138,OPEN,001,MEMO-32903
00000055,00000348,REF-00000055,20250416,041,18670,00765470,DONE,002,MEMO-02775
00000344,00000635,REF-00000344,20230826,616,30872,19017152,OPEN,001,MEMO-11226
00000558,00000922,REF-00000558,20240610,734,50047,36734498,HOLD,001,MEMO-60716
00000030,00000209,REF-00000030,20240416,647,12761,08256367,VOID,001,MEMO-88958
00000441,00000496,REF-00000441,20230107,760,36335,27614600,HOLD,001,MEMO-39452
00000077,00000783,REF-00000077,20251212,756,13479,10190124,HOLD,001,MEMO-35701
00000035,00000070,REF-00000035,20250419,213,22914,04880682,DONE,002,MEMO-07458
00000559,00000357,REF-00000559,20240124,696,96973,67493208,OPEN,001,MEMO-11592
00000538,00000644,REF-00000538,20241004,002,85766,00171532,HOLD,001,MEMO-95840
00000435,00000931,REF-00000435,20250905,318,09946,03162828,VOID,001,MEMO-62497
00000206,00000218,REF-00000206,20230626,640,10928,06993920,VOID,002,MEMO-73084
00000498,00000505,REF-00000498,20241207,361,97156,35073316,DONE,001,MEMO-25921
00000623,00000792,REF-00000623,20250901,796,02733,02175468,DONE,001,MEMO-43067
00000431,00000079,REF-00000431,20240811,253,12624,03193872,DONE,001,MEMO-60466
00000641,00000366,REF-00000641,20231116,990,63224,62591760,VOID,001,MEMO-50141
00000052,00000653,REF-00000052,20240104,766,52904,40524464,OPEN,003,MEMO-73998
00000568,00000940,REF-00000568,20230714,487,82751,40299737,VOID,001,MEMO-50161
00000420,00000227,REF-00000420,20230401,857,49752,42637464,VOID,001,MEMO-11257
00000066,00000514,REF-00000066,20250322,865,53985,46697025,HOLD,002,MEMO-62202
00000131,00000801,REF-00000131,20230425,361,15639,05645679,OPEN,002,MEMO-50044
00000123,00000088,REF-00000123,20231010,042,27281,01145802,VOID,002,MEMO-36706
00000044,00000375,REF-00000044,20240624,401,13035,05227035,HOLD,003,MEMO-35735
00000259,00000662,REF-00000259,20230907,275,66927,18404925,OPEN,001,MEMO-09581
00000180,00000949,REF-00000180,20240513,438,80152,35106576,HOLD,002,MEMO-92800
00000130,00000236,REF-00000130,20230110,642,66368,42608256,HOLD,001,MEMO-47057
00000513,00000523,REF-00000513,20251202,162,79171,12825702,DONE,001,MEMO-36700
00000405,00000810,REF-00000405,20241009,386,18982,07327052,OPEN,001,MEMO-84655
00000053,00000097,REF-00000053,20240802,325,63054,20492550,VOID,002,MEMO-33703
00000031,00000384,REF-00000031,20230228,013,06506,00084578,DONE,002,MEMO-17001
00000094,00000671,REF-00000094,20240319,719,98557,70862483,DONE,002,MEMO-79123
00000094,00000958,REF-00000094,20240704,534,07087,03784458,HOLD,001,MEMO-97554
00000579,00000245,REF-00000579,20250403,878,29313,25736814,HOLD,001,MEMO-61642
00000139,00000532,REF-00000139,20230325,189,20138,03806082,VOID,001,MEMO-98287
00000124,00000819,REF-00000124,20250204,189,81344,15374016,OPEN,002,MEMO-18154
00000507,00000106,REF-00000507,20251126,219,50192,10992048,OPEN,001,MEMO-55964
00000366,00000393,REF-00000366,20240719,641,27597,17689677,HOLD,001,MEMO-66335
00000553,00000680,REF-00000553,20231222,064,35799,02291136,OPEN,001,MEMO-04694
00000395,00000967,REF-00000395,20240214,277,68891,19082807,HOLD,001,MEMO-41823
00000350,00000254,REF-00000350,20231213,243,28040,06813720,OPEN,001,MEMO-51513
00000051,00000541,REF-00000051,20240119,213,93877,19995801,OPEN,002,MEMO-04152
00000001,00000828,REF-00000001,20230520,951,48232,45868632,HOLD,001,MEMO-86757
00000664,00000115,REF-00000664,20230504,834,10605,08844570,HOLD,001,MEMO-70902
00000008,00000402,REF-00000008,20250412,526,66771,35121546,DONE,002,MEMO-15862
00000221,,REF-00000221,20240527,630,55395,34898850,OPEN,001,MEMO-76187
00000072,00000976,REF-00000072,20250703,465,14714,06842010,OPEN,001,MEMO-30160
00000343,00000263,REF-00000343,20250508,298,40923,12195054,VOID,001,MEMO-16774
00000622,00000550,REF-00000622,20251009,956,11051,10564756,OPEN,001,MEMO-03330
00000490,00000837,REF-00000490,20240515,851,91134,77555034,OPEN,001,MEMO-91978
00000292,00000124,REF-00000292,20230727,614,10119,06213066,DONE,001,MEMO-04295
00000297,00000411,REF-00000297,20230205,225,11684,02628900,DONE,001,MEMO-55185
00000147,00000698,REF-00000147,20230226,029,85761,02487069,VOID,002,MEMO-20208
00000001,00000985,REF-00000001,20251217,769,07743,05954367,DONE,002,MEMO-86618
00000012,00000272,REF-00000012,20240913,250,91676,22919000,OPEN,001,MEMO-89667
00000050,00000559,REF-00000050,20250515,471,21981,10353051,VOID,002,MEMO-98353
00000041,00000846,REF-00000041,20240925,330,96270,31769100,VOID,001,MEMO-31324
00000197,00000133,REF-00000197,20241212,557,71741,39959737,VOID,001,MEMO-63834
00000428,00000420,REF-00000428,20241217,700,57759,40431300,VOID,001,MEMO-48418
00000633,00000707,REF-00000633,20250308,831,46710,38816010,OPEN,001,MEMO-06483
00000148,00000994,REF-00000148,20230405,663,66605,44159115,OPEN,002,MEMO-53167
00000602,00000281,REF-00000602,20230407,467,53104,24799568,OPEN,001,MEMO-04081
00000107,00000568,REF-00000107,20251027,094,82939,07796266,VOID,001,MEMO-99276
00000009,00000855,REF-00000009,20250201,408,55330,22574640,OPEN,004,MEMO-58123
00000298,00000142,REF-00000298,20250317,003,42641,00127923,OPEN,001,MEMO-55136
00000636,00000429,REF-00000636,20230423,712,20229,14403048,OPEN,001,MEMO-65617
00000201,00000716,REF-00000201,20231215,165,51747,08538255,OPEN,001,MEMO-40251
00000047,00000003,REF-00000047,20250708,895,74545,66717775,HOLD,003,MEMO-84486
00000632,00000290,REF-00000632,20250406,035,79223,02772805,DONE,001,MEMO-17835
00000069,00000577,REF-00000069,20230219,288,94354,27173952,DONE,001,MEMO-52747
00000616,00000864,REF-00000616,20240110,180,11835,02130300,OPEN,001,MEMO-56610
00000174,00000151,REF-00000174,20251216,564,67365,37993860,DONE,001,MEMO-79924
00000670,00000438,REF-00000670,20251113,380,41416,15738080,OPEN,001,MEMO-42647
00000017,00000725,REF-00000017,20250614,039,04601,00179439,HOLD,003,MEMO-46004
00000097,00000012,REF-00000097,20240520,182,34302,06242964,HOLD,002,MEMO-92244
00000685,00000299,REF-00000685,20251013,640,95636,61207040,OPEN,001,MEMO-54910
00000412,00000586,REF-00000412,20230905,415,69657,28907655,HOLD,001,MEMO-15327
00000332,00000873,REF-00000332,20241028,876,72135,63190260,HOLD,001,MEMO-43778
00000083,00000160,REF-00000083,20240803,838,36711,30763818,DONE,001,MEMO-38105
00000476,00000447,REF-00000476,20251002,938,54576,51192288,OPEN,001,MEMO-21715
00000006,00000734,REF-00000006,20231025,528,43098,22755744,DONE,004,MEMO-80058
00000151,00000021,REF-00000151,20250227,214,43544,09318416,OPEN,002,MEMO-57393
00000023,00000308,REF-00000023,20230121,815,46628,38001820,HOLD,002,MEMO-83939
00000520,00000595,REF-00000520,20251205,034,17693,00601562,DONE,001,MEMO-08477
00000134,00000882,REF-00000134,20240116,146,67318,09828428,OPEN,002,MEMO-54492
00000064,00000169,REF-00000064,20241024,838,92084,77166392,HOLD,001,MEMO-75338
00000126,00000456,REF-00000126,20241004,851,70044,59607444,HOLD,001,MEMO-37860
00000028,00000743,REF-00000028,20231015,857,73550,63032350,DONE,001,MEMO-70381
00000274,00000030,REF-00000274,20230426,101,25463,02571763,OPEN,001,MEMO-66311
00000065,00000317,REF-00000065,20230428,893,52018,46452074,OPEN,002,MEMO-24256
00000317,00000604,REF-00000317,20230621,807,42691,34451637,DONE,001,MEMO-85615
00000627,00000891,REF-00000627,20241210,861,93603,80592183,DONE,001,MEMO-17116
00000649,00000178,REF-00000649,20251212,690,63203,43610070,DONE,001,MEMO-15726
00000053,00000465,REF-00000053,20230101,524,11345,05944780,OPEN,001,MEMO-36016
00000608,00000752,REF-00000608,20230121,420,90955,38201100,HOLD,001,MEMO-69567
00000265,00000039,REF-00000265,20240424,333,08530,02840490,DONE,001,MEMO-35529
00000128,00000326,REF-00000128,20250216,491,12425,06100675,OPEN,001,MEMO-01947
00000048,00000613,REF-00000048,20240109,186,72160,13421760,VOID,001,MEMO-54403
00000708,00000900,REF-00000708,20240612,063,17722,01116486,HOLD,001,MEMO-25196
00000115,00000187,REF-00000115,20230211,299,61231,18308069,DONE,001,MEMO-33731
00000045,00000474,REF-00000045,20240619,803,30848,24770944,DONE,002,MEMO-97363
00000383,00000761,REF-00000383,20250802,779,82776,64482504,DONE,001,MEMO-52477
00000560,00000048,REF-00000560,20230414,080,12515,01001200,OPEN,001,MEMO-47688
00000336,00000335,REF-00000336,20230523,703,22978,16153534,HOLD,001,MEMO-08532
00000354,00000622,REF-00000354,20240902,276,87212,24070512,OPEN,001,MEMO-17447
00000034,00000909,REF-00000034,20250607,399,01408,00561792,HOLD,002,MEMO-07434
00000001,00000196,REF-00000001,20230719,664,21968,14586752,VOID,004,MEMO-17610
00000020,00000483,REF-00000020,20240819,957,08041,07695237,DONE,001,MEMO-33726
00000002,00000770,REF-00000002,20251125,054,57538,03107052,DONE,003,MEMO-33765
00000357,00000057,REF-00000357,20250603,379,77358,29318682,OPEN,001,MEMO-27995
00000190,00000344,REF-00000190,20250610,698,63981,44658738,OPEN,002,MEMO-04318
00000186,00000631,REF-00000186,20250310,658,29553,19445874,HOLD,001,MEMO-45393
00000393,00000918,REF-00000393,20240523,858,06082,05218356,OPEN,001,MEMO-99478
00000199,00000205,REF-00000199,20230517,439,61732,27100348,OPEN,001,MEMO-02161
00000024,00000492,REF-00000024,20240914,899,82244,73937356,OPEN,002,MEMO-29765
00000683,00000779,REF-00000683,20250517,310,10768,03338080,DONE,001,MEMO-34640
00000150,00000066,REF-00000150,20230101,336,89977,30232272,HOLD,001,MEMO-70185
00000425,00000353,REF-00000425,20240428,045,43879,01974555,VOID,001,MEMO-46376
00000384,00000640,REF-00000384,20240715,760,51526,39159760,DONE,001,MEMO-16389
00000578,00000927,REF-00000578,20240822,067,29476,01974892,VOID,001,MEMO-44032
00000523,00000214,REF-00000523,20230204,525,75683,39733575,DONE,001,MEMO-22637
00000251,00000501,REF-00000251,20230626,074,26757,01980018,DONE,001,MEMO-73458
00000245,00000788,REF-00000245,20230418,052,52686,02739672,OPEN,001,MEMO-57514
00000048,00000075,REF-00000048,20250319,333,66202,22045266,HOLD,003,MEMO-65905
00000478,00000362,REF-00000478,20250324,479,46089,22076631,HOLD,001,MEMO-36490
00000330,00000649,REF-00000330,20240106,232,68029,15782728,OPEN,001,MEMO-84711
00000062,00000936,REF-00000062,20241012,799,87798,70150602,HOLD,002,MEMO-88744
00000187,00000223,REF-00000187,20240515,887,82554,73225398,VOID,001,MEMO-03457
00000697,00000510,REF-00000697,20240403,103,11248,01158544,VOID,001,MEMO-74034
00000391,00000797,REF-00000391,20251020,236,07148,01686928,OPEN,001,MEMO-21815
00000563,00000084,REF-00000563,20240925,613,68438,41952494,OPEN,001,MEMO-53460
00000329,00000371,REF-00000329,20230124,034,54246,01844364,HOLD,001,MEMO-67953
00000589,00000658,REF-00000589,20230628,914,34529,31559506,DONE,001,MEMO-41849
00000525,00000945,REF-00000525,20231102,994,13840,13756960,VOID,001,MEMO-13972
00000235,00000232,REF-00000235,20240607,278,11208,03115824,OPEN,001,MEMO-72036
00000079,00000519,REF-00000079,20230115,852,72342,61635384,HOLD,002,MEMO-93879
00000702,00000806,REF-00000702,20240926,318,44449,14134782,OPEN,001,MEMO-17060
00000149,00000093,REF-00000149,20231116,045,07195,00323775,DONE,001,MEMO-52133
00000060,00000380,REF-00000060,20230208,849,35196,29881404,VOID,002,MEMO-51505
00000626,00000667,REF-00000626,20240520,283,11317,03202711,OPEN,001,MEMO-02353
00000372,00000954,REF-00000372,20250111,722,69191,49955902,VOID,001,MEMO-60996
00000006,00000241,REF-00000006,20231009,659,53459,35229481,DONE,001,MEMO-02893
00000695,00000528,REF-00000695,20230820,188,10276,01931888,VOID,001,MEMO-37248
00000378,00000815,REF-00000378,20230528,477,49754,23732658,HOLD,001,MEMO-77115
00000042,00000102,REF-00000042,20240514,458,23402,10718116,OPEN,003,MEMO-20804
00000680,00000389,REF-00000680,20231114,980,10035,09834300,VOID,001,MEMO-62556
00000557,00000676,REF-00000557,20250910,158,32185,05085230,DONE,001,MEMO-15854
00000016,00000963,REF-00000016,20241214,916,16230,14866680,VOID,002,MEMO-60110
00000142,00000250,REF-00000142,20250518,300,34338,10301400,DONE,001,MEMO-92008
00000053,00000537,REF-00000053,20250424,186,73387,13649982,DONE,003,MEMO-15627
00000283,00000824,REF-00000283,20230605,475,74598,35434050,HOLD,001,MEMO-30361
00000160,00000111,REF-00000160,20241201,913,32717,29870621,VOID,001,MEMO-32649
00000659,00000398,REF-00000659,20240701,741,54487,40374867,HOLD,001,MEMO-65578
00000003,00000685,REF-00000003,20240207,117,39693,04644081,HOLD,002,MEMO-47885
00000199,00000972,REF-00000199,20230303,555,30503,16929165,VOID,002,MEMO-08544
00000673,00000259,REF-00000673,20240305,733,31147,22830751,DONE,001,MEMO-32344
00000493,00000546,REF-00000493,20251010,144,75137,10819728,OPEN,001,MEMO-54693
00000527,00000833,REF-00000527,20230121,921,06403,05897163,OPEN,001,MEMO-41510
00000575,00000120,REF-00000575,20230222,958,35212,33733096,HOLD,001,MEMO-67163
00000104,00000407,REF-00000104,20250211,293,22532,06601876,OPEN,002,MEMO-56292
00000294,00000694,REF-00000294,20230810,880,23472,20655360,OPEN,001,MEMO-41311
00000049,00000981,REF-00000049,20241005,019,70123,01332337,DONE,002,MEMO-59785
00000642,00000268,REF-00000642,20240713,671,75173,50441083,HOLD,001,MEMO-56984
00000099,00000555,REF-00000099,20240409,945,06447,06092415,VOID,002,MEMO-95238
00000263,00000842,REF-00000263,20230703,542,00646,00350132,VOID,001,MEMO-82566
00000574,00000129,REF-00000574,20240811,236,81199,19162964,VOID,001,MEMO-94960
00000076,00000416,REF-00000076,20231123,295,20955,06181725,VOID,001,MEMO-30882
00000129,00000703,REF-00000129,20230625,628,20137,12646036,DONE,001,MEMO-28606
00000304,00000990,REF-00000304,20231021,483,71684,34623372,DONE,001,MEMO-36768
00000075,00000277,REF-00000075,20250502,742,34963,25942546,OPEN,002,MEMO-43349
00000014,00000564,REF-00000014,20230208,676,57823,39088348,DONE,002,MEMO-50041
00000449,00000851,REF-00000449,20250517,981,66025,64770525,VOID,001,MEMO-51228
00000175,00000138,REF-00000175,20250717,540,38437,20755980,OPEN,001,MEMO-26210
00000079,00000425,REF-00000079,20241225,292,05150,01503800,DONE,001,MEMO-09980
00000129,00000712,REF-00000129,20250723,216,64385,13907160,HOLD,002,MEMO-42731
00000042,00000999,REF-00000042,20230122,457,66381,30336117,HOLD,002,MEMO-60828
00000147,00000286,REF-00000147,20230523,298,48124,14340952,HOLD,001,MEMO-41220
00000173,00000573,REF-00000173,20230726,244,77138,18821672,VOID,001,MEMO-53354
00000266,00000860,REF-00000266,20230120,505,92029,46474645,HOLD,001,MEMO-37462
00000005,00000147,REF-00000005,20240626,455,07817,03556735,HOLD,003,MEMO-40670
00000176,00000434,REF-00000176,20240606,829,93227,77285183,OPEN,001,MEMO-58863
00000135,00000721,REF-00000135,20231020,010,65509,00655090,DONE,002,MEMO-05044
00000494,00000008,REF-00000494,20231109,536,98768,52939648,DONE,001,MEMO-20820
00000063,00000295,REF-00000063,20241217,529,26826,14190954,VOID,002,MEMO-06458
00000504,00000582,REF-00000504,20230123,247,71640,17695080,OPEN,001,MEMO-11192
00000556,00000869,REF-00000556,20251018,833,11184,09316272,OPEN,001,MEMO-77234
00000137,00000156,REF-00000137,20251213,262,21028,05509336,HOLD,001,MEMO-72532
00000381,00000443,REF-00000381,20240626,442,86457,38213994,OPEN,001,MEMO-84282
00000118,00000730,REF-00000118,20231016,962,44082,42406884,DONE,002,MEMO-38452
00000109,00000017,REF-00000109,20240202,237,34768,08240016,OPEN,001,MEMO-56064
00000353,00000304,REF-00000353,20230114,302,73800,22287600,HOLD,001,MEMO-71525
00000612,00000591,REF-00000612,20250618,934,90545,84569030,VOID,001,MEMO-43014
00000091,00000878,REF-00000091,20230213,852,91442,77908584,DONE,001,MEMO-91066
00000367,00000165,REF-00000367,20230808,625,70660,44162500,OPEN,001,MEMO-12237
00000303,00000452,REF-00000303,20251207,373,48899,18239327,HOLD,001,MEMO-05217
00000143,00000739,REF-00000143,20230917,321,54066,17355186,HOLD,001,MEMO-40421
00000651,00000026,REF-00000651,20230316,012,30472,00365664,VOID,001,MEMO-44025
00000140,00000313,REF-00000140,20230120,356,50728,18059168,HOLD,001,MEMO-48341
00000172,00000600,REF-00000172,20240603,053,80649,04274397,OPEN,001,MEMO-08809
00000024,00000887,REF-00000024,20230524,607,54774,33247818,HOLD,003,MEMO-44648
00000128,00000174,REF-00000128,20240519,187,37975,07101325,OPEN,002,MEMO-48958
00000016,00000461,REF-00000016,20250804,376,89711,33731336,DONE,003,MEMO-14135
00000436,00000748,REF-00000436,20240621,243,97247,23631021,HOLD,001,MEMO-69212
00000039,00000035,REF-00000039,20240823,219,63826,13977894,OPEN,002,MEMO-46782
00000315,00000322,REF-00000315,20251115,778,25927,20171206,HOLD,001,MEMO-52034
00000650,00000609,REF-00000650,20241015,600,84221,50532600,OPEN,001,MEMO-78661
00000407,00000896,REF-00000407,20240324,949,09538,09051562,DONE,001,MEMO-56620
00000472,00000183,REF-00000472,20240716,664,15589,10351096,HOLD,001,MEMO-95150
00000466,00000470,REF-00000466,20230802,759,47648,36164832,VOID,001,MEMO-43605
00000268,00000757,REF-00000268,20250927,123,07052,00867396,DONE,001,MEMO-74851
00000154,00000044,REF-00000154,20250802,019,34713,00659547,DONE,002,MEMO-42657
00000181,00000331,REF-00000181,20240313,937,49041,45951417,HOLD,001,MEMO-24231
00000243,00000618,REF-00000243,20240827,792,11282,08935344,VOID,001,MEMO-91929
00000401,00000905,REF-00000401,20230608,695,37212,25862340,DONE,001,MEMO-44135
00000084,00000192,REF-00000084,20230106,351,56493,19829043,HOLD,001,MEMO-40406
00000045,00000479,REF-00000045,20241110,189,55973,10578897,DONE,001,MEMO-05814
00000682,00000766,REF-00000682,20230419,873,23312,20351376,OPEN,001,MEMO-95311
00000692,00000053,REF-00000692,20250201,788,37585,29616980,VOID,001,MEMO-69797
00000549,00000340,REF-00000549,20240523,681,92109,62726229,VOID,001,MEMO-89282
00000684,00000627,REF-00000684,20240225,433,65682,28440306,HOLD,001,MEMO-89350
00000120,00000914,REF-00000120,20230907,438,47905,20982390,HOLD,001,MEMO-70211
00000119,00000201,REF-00000119,20250120,319,63153,20145807,VOID,002,MEMO-60574
00000473,00000488,REF-00000473,20240924,795,31096,24721320,OPEN,001,MEMO-13657
00000038,00000775,REF-00000038,20241127,388,77334,30005592,HOLD,001,MEMO-11993
00000133,00000062,REF-00000133,20231116,899,37966,34131434,VOID,002,MEMO-89638
00000110,00000349,REF-00000110,20250205,634,11364,07204776,OPEN,002,MEMO-92899
00000398,00000636,REF-00000398,20230912,623,43434,27059382,HOLD,001,MEMO-74222
00000487,00000923,REF-00000487,20251209,243,33943,08248149,DONE,001,MEMO-11820
00000155,00000210,REF-00000155,20241213,249,95944,23890056,VOID,002,MEMO-94964
00000421,00000497,REF-00000421,20240714,406,18159,07372554,DONE,001,MEMO-99104
00000132,00000784,REF-00000132,20250818,154,35633,05487482,DONE,001,MEMO-29800
00000693,00000071,REF-00000693,20250824,857,03127,02679839,DONE,001,MEMO-77416
00000500,00000358,REF-00000500,20250222,583,90454,52734682,OPEN,001,MEMO-37875
00000565,00000645,REF-00000565,20230509,548,60495,33151260,HOLD,001,MEMO-71273
00000085,00000932,REF-00000085,20250603,972,06463,06282036,OPEN,002,MEMO-85239
00000593,00000219,REF-00000593,20231012,128,91915,11765120,DONE,001,MEMO-77603
00000314,00000506,REF-00000314,20240725,990,66260,65597400,DONE,001,MEMO-22945
00000617,00000793,REF-00000617,20240411,385,50425,19413625,VOID,001,MEMO-62831
00000375,00000080,REF-00000375,20240801,191,86671,16554161,DONE,001,MEMO-00961
00000184,00000367,REF-00000184,20230807,411,34370,14126070,OPEN,002,MEMO-61086
00000105,00000654,REF-00000105,20240602,986,06684,06590424,HOLD,002,MEMO-47865
00000122,00000941,REF-00000122,20230710,861,33838,29134518,DONE,001,MEMO-92731
00000582,00000228,REF-00000582,20230922,853,78554,67006562,HOLD,001,MEMO-41547
00000023,00000515,REF-00000023,20240116,450,95518,42983100,OPEN,003,MEMO-07492
00000347,00000802,REF-00000347,20251015,138,85816,11842608,OPEN,001,MEMO-28504
00000416,00000089,REF-00000416,20250713,075,65964,04947300,HOLD,001,MEMO-32146
00000039,00000376,REF-00000039,20230426,438,54824,24012912,OPEN,001,MEMO-22199
00000015,00000663,REF-00000015,20231111,784,46135,36169840,OPEN,002,MEMO-33163
00000089,00000950,REF-00000089,20251116,707,41862,29596434,OPEN,001,MEMO-54929
00000145,00000237,REF-00000145,20250528,725,62989,45667025,OPEN,002,MEMO-14498
00000305,00000524,REF-00000305,20240621,773,24614,19026622,OPEN,001,MEMO-09233
00000495,00000811,REF-00000495,20230507,128,97743,12511104,HOLD,001,MEMO-06588
00000188,00000098,REF-00000188,20250415,456,15372,07009632,DONE,001,MEMO-26343
00001002,00000385,REF-00001002,20241002,768,54864,42135552,HOLD,001,MEMO-33294
00000509,00000672,REF-00000509,20230608,284,04524,01284816,HOLD,001,MEMO-19386
00000422,00000959,REF-00000422,20230910,317,56348,17862316,HOLD,001,MEMO-68753
00000020,00000246,REF-00000020,20231215,786,91156,71648616,HOLD,003,MEMO-51107
00000172,00000533,REF-00000172,20240423,503,07994,04020982,VOID,002,MEMO-31001
00000352,00000820,REF-00000352,20250505,766,96273,73745118,VOID,001,MEMO-74837
00000188,00000107,REF-00000188,20230127,943,74878,70609954,HOLD,002,MEMO-89698
00000510,00000394,REF-00000510,20240919,590,86514,51043260,OPEN,001,MEMO-86135
00000030,00000681,REF-00000030,20230923,890,20907,18607230,HOLD,003,MEMO-47750
00000546,00000968,REF-00000546,20240917,222,10496,02330112,VOID,001,MEMO-15730
00000033,00000255,REF-00000033,20231003,534,93875,50129250,DONE,003,MEMO-26037
00000013,00000542,REF-00000013,20250320,290,46685,13538650,HOLD,002,MEMO-01054
00000592,00000829,REF-00000592,20240402,266,38737,10304042,VOID,001,MEMO-16500
00000526,00000116,REF-00000526,20241128,117,16653,01948401,DONE,001,MEMO-52124
00000021,00000403,REF-00000021,20230924,534,67901,36259134,HOLD,001,MEMO-13222
00000088,00000690,REF-00000088,20240209,464,22166,10285024,DONE,002,MEMO-73877
00000403,00000977,REF-00000403,20230806,540,01772,00956880,VOID,001,MEMO-46072
00000024,00000264,REF-00000024,20230802,049,38382,01880718,VOID,001,MEMO-52383
00000210,00000551,REF-00000210,20251202,368,46875,17250000,VOID,002,MEMO-20910
00000640,00000838,REF-00000640,20231220,529,18530,09802370,OPEN,001,MEMO-39973
00000143,00000125,REF-00000143,20231027,515,77911,40124165,VOID,002,MEMO-40032
00000516,00000412,REF-00000516,20230602,012,80115,00961380,HOLD,001,MEMO-57089
00000451,00000699,REF-00000451,20251128,828,33912,28079136,OPEN,001,MEMO-69033
00000639,00000986,REF-00000639,20250628,131,33314,04364134,OPEN,001,MEMO-35718
00000166,00000273,REF-00000166,20240224,695,46579,32372405,HOLD,002,MEMO-44771
00000052,00000560,REF-00000052,20230221,303,49579,15022437,DONE,002,MEMO-71811
00000534,00000847,REF-00000534,20240226,437,97997,42824689,OPEN,001,MEMO-82454
00000163,00000134,REF-00000163,20230525,146,25657,03745922,HOLD,002,MEMO-43089
00000634,00000421,REF-00000634,20230725,791,26239,20755049,VOID,001,MEMO-21759
00000442,00000708,REF-00000442,20250507,931,94829,88285799,VOID,001,MEMO-17402
00000517,00000995,REF-00000517,20240123,827,82668,68366436,OPEN,001,MEMO-49076
00000123,00000282,REF-00000123,20241009,510,01170,00596700,HOLD,001,MEMO-81555
00000081,00000569,REF-00000081,20241108,898,84402,75792996,HOLD,001,MEMO-05133
00000203,00000856,REF-00000203,20230521,426,44924,19137624,HOLD,001,MEMO-12435
00000242,00000143,REF-00000242,20230919,375,60745,22779375,OPEN,001,MEMO-06651
00000037,00000430,REF-00000037,20230119,828,40565,33587820,HOLD,003,MEMO-31574
00000002,00000717,REF-00000002,20230428,779,24910,19404890,OPEN,002,MEMO-23011
00000156,00000004,REF-00000156,20251003,728,62614,45582992,HOLD,002,MEMO-76603
00000007,00000291,REF-00000007,20241223,417,04976,02074992,VOID,002,MEMO-16683
00000311,00000578,REF-00000311,20250615,974,15767,15357058,OPEN,001,MEMO-73527
00000028,00000865,REF-00000028,20250928,395,88252,34859540,OPEN,003,MEMO-84879
00000150,00000152,REF-00000150,20240310,489,25273,12358497,VOID,002,MEMO-55672
00000331,00000439,REF-00000331,20250915,211,38259,08072649,DONE,001,MEMO-90457
00000471,00000726,REF-00000471,20250710,147,81986,12051942,OPEN,001,MEMO-19926
00000040,00000013,REF-00000040,20230706,489,78364,38319996,VOID,003,MEMO-62189
00000102,00000300,REF-00000102,20230728,589,48976,28846864,OPEN,002,MEMO-48585
00000131,00000587,REF-00000131,20250612,927,50680,46980360,VOID,001,MEMO-50813
00000174,00000874,REF-00000174,20231018,774,06813,05273262,DONE,002,MEMO-10035
00000080,00000161,REF-00000080,20240824,452,99085,44786420,VOID,001,MEMO-09706
00000514,00000448,REF-00000514,20251025,576,27180,15655680,OPEN,001,MEMO-32390
00000270,00000735,REF-00000270,20250609,494,01298,00641212,VOID,001,MEMO-34071
00000029,00000022,REF-00000029,20240419,207,39871,08253297,VOID,002,MEMO-97271
00000023,00000309,REF-00000023,20250119,565,26762,15120530,DONE,001,MEMO-03374
00000643,00000596,REF-00000643,20250611,443,63957,28332951,OPEN,001,MEMO-80208
00000430,00000883,REF-00000430,20240105,641,65404,41923964,OPEN,001,MEMO-77525
00000049,00000170,REF-00000049,20230401,546,94269,51470874,OPEN,003,MEMO-60496
00000162,00000457,REF-00000162,20240417,281,82584,23206104,VOID,002,MEMO-78676
00000065,00000744,REF-00000065,20230820,514,93509,48063626,OPEN,001,MEMO-13295
00000071,00000031,REF-00000071,20240128,314,40866,12831924,OPEN,002,MEMO-56687
00000316,00000318,REF-00000316,20230415,544,21784,11850496,VOID,001,MEMO-98584
00000168,00000605,REF-00000168,20230916,212,10968,02325216,DONE,002,MEMO-19965
00000058,00000892,REF-00000058,20230409,863,77636,66999868,OPEN,001,MEMO-34781
00000417,00000179,REF-00000417,20250203,745,18733,13956085,OPEN,001,MEMO-91813
00001001,00000466,REF-00001001,20240326,427,80950,34565650,DONE,001,MEMO-27703
00000318,00000753,REF-00000318,20240614,028,43935,01230180,OPEN,001,MEMO-57291
00000112,00000040,REF-00000112,20240708,557,43453,24203321,DONE,001,MEMO-33531
00000341,00000327,REF-00000341,20240301,337,12879,04340223,DONE,001,MEMO-07265
00000084,00000614,REF-00000084,20250412,377,20563,07752251,DONE,002,MEMO-50932
00000227,,REF-00000227,20240722,364,18044,06568016,HOLD,001,MEMO-97507
00000562,00000188,REF-00000562,20230514,067,10099,00676633,HOLD,001,MEMO-59353
00000063,00000475,REF-00000063,20250305,013,51740,00672620,HOLD,001,MEMO-14115
00000255,00000762,REF-00000255,20230912,389,84346,32810594,OPEN,001,MEMO-58141
00000249,00000049,REF-00000249,20250727,053,17968,00952304,HOLD,001,MEMO-49167
00000306,00000336,REF-00000306,20240819,240,66203,15888720,VOID,001,MEMO-16374
00000613,00000623,REF-00000613,20240705,646,31192,20150032,DONE,001,MEMO-87818
00000232,00000910,REF-00000232,20230505,363,28560,10367280,HOLD,001,MEMO-40560
00000089,00000197,REF-00000089,20240422,898,75113,67451474,VOID,002,MEMO-13317
00000205,00000484,REF-00000205,20241217,852,63462,54069624,DONE,001,MEMO-74228
00000611,00000771,REF-00000611,20230513,325,42723,13884975,HOLD,001,MEMO-73865
00000290,00000058,REF-00000290,20230603,393,11200,04401600,HOLD,001,MEMO-33584
00000136,00000345,REF-00000136,20230526,580,51113,29645540,HOLD,002,MEMO-67652
00000229,,REF-00000229,20230719,361,56657,20453177,DONE,001,MEMO-74853
00000700,00000919,REF-00000700,20240803,706,20728,14633968,VOID,001,MEMO-80236
00000047,00000206,REF-00000047,20250217,736,85813,63158368,OPEN,002,MEMO-91142
00000459,00000493,REF-00000459,20251006,482,03075,01482150,VOID,001,MEMO-79467
00000056,00000780,REF-00000056,20250712,393,97258,38222394,HOLD,002,MEMO-57253
00000453,00000067,REF-00000453,20250427,045,65455,02945475,HOLD,001,MEMO-25780
00000037,00000354,REF-00000037,20231101,847,85738,72620086,VOID,001,MEMO-32001
00000362,00000641,REF-00000362,20250904,480,98145,47109600,VOID,001,MEMO-29014
00000141,00000928,REF-00000141,20251022,972,59159,57502548,OPEN,002,MEMO-14253
00000080,00000215,REF-00000080,20250722,489,24532,11996148,HOLD,002,MEMO-57188
00000207,00000502,REF-00000207,20230408,123,41459,05099457,OPEN,002,MEMO-30144
00000092,00000789,REF-00000092,20240603,237,95900,22728300,OPEN,001,MEMO-74272
00000244,00000076,REF-00000244,20231008,950,96255,91442250,HOLD,001,MEMO-77618
00001004,00000363,REF-00001004,20250412,751,97998,73596498,DONE,001,MEMO-62816
00000674,00000650,REF-00000674,20230918,875,58946,51577750,HOLD,001,MEMO-25958
00000252,00000937,REF-00000252,20251103,444,68232,30295008,HOLD,001,MEMO-50149
00000529,00000224,REF-00000529,20251012,961,43848,42137928,VOID,001,MEMO-16665
00000167,00000511,REF-00000167,20250417,662,43972,29109464,DONE,002,MEMO-17865
00000677,00000798,REF-00000677,20240623,154,35354,05444516,OPEN,001,MEMO-77946
00000258,00000085,REF-00000258,20250421,841,37262,31337342,DONE,001,MEMO-08897
00000098,00000372,REF-00000098,20250413,829,71545,59310805,HOLD,001,MEMO-32226
00000009,00000659,REF-00000009,20250818,821,69572,57118612,DONE,003,MEMO-24135
00000149,00000946,REF-00000149,20250716,814,32344,26328016,HOLD,002,MEMO-49824
00000057,00000233,REF-00000057,20250311,907,20936,18988952,HOLD,001,MEMO-74839
00000090,00000520,REF-00000090,20251006,292,94560,27611520,HOLD,002,MEMO-68551
00000508,00000807,REF-00000508,20241209,794,97972,77789768,VOID,001,MEMO-85505
00000036,00000094,REF-00000036,20250925,841,22843,19210963,VOID,002,MEMO-42138
00000096,00000381,REF-00000096,20241202,192,86715,16649280,VOID,002,MEMO-12238
00000108,00000668,REF-00000108,20240324,924,39117,36144108,DONE,001,MEMO-61386
00000176,00000955,REF-00000176,20230305,094,18150,01706100,VOID,002,MEMO-38094
00000209,00000242,REF-00000209,20230120,920,59904,55111680,HOLD,002,MEMO-02536
00000358,00000529,REF-00000358,20240305,338,10560,03569280,DONE,001,MEMO-13588
00000619,00000816,REF-00000619,20250212,109,69313,07555117,OPEN,001,MEMO-07266
00000295,00000103,REF-00000295,20250519,684,76750,52497000,DONE,001,MEMO-71873
00000141,00000390,REF-00000141,20240114,704,82115,57808960,OPEN,001,MEMO-20764
00000460,00000677,REF-00000460,20240708,522,49826,26009172,DONE,001,MEMO-22189
00000524,00000964,REF-00000524,20230126,533,29885,15928705,HOLD,001,MEMO-77351
00000183,00000251,REF-00000183,20240625,828,09060,07501680,HOLD,002,MEMO-95874
00000037,00000538,REF-00000037,20240227,764,41772,31913808,HOLD,002,MEMO-40493
00000046,00000825,REF-00000046,20241105,446,79643,35520778,VOID,003,MEMO-90667
00000561,00000112,REF-00000561,20250107,754,04187,03156998,DONE,001,MEMO-75009
00000175,00000399,REF-00000175,20230726,931,34595,32207945,VOID,002,MEMO-76434
00000165,00000686,REF-00000165,20240513,014,24752,00346528,OPEN,001,MEMO-60785
00000139,00000973,REF-00000139,20230122,802,42246,33881292,HOLD,002,MEMO-75226
00000070,00000260,REF-00000070,20250516,112,14255,01596560,VOID,002,MEMO-97560
00000241,00000547,REF-00000241,20230612,607,54448,33049936,DONE,001,MEMO-51363
00000669,00000834,REF-00000669,20250806,265,57431,15219215,DONE,001,MEMO-22811
00000010,00000121,REF-00000010,20230715,244,90291,22031004,VOID,001,MEMO-65836
00000078,00000408,REF-00000078,20230305,794,79059,62772846,OPEN,002,MEMO-81488
00000116,00000695,REF-00000116,20240417,941,21178,19928498,VOID,002,MEMO-32119
00000587,00000982,REF-00000587,20230106,356,53583,19075548,OPEN,001,MEMO-41146
00000533,00000269,REF-00000533,20241110,949,95460,90591540,DONE,001,MEMO-60784
00000051,00000556,REF-00000051,20230114,928,80850,75028800,HOLD,003,MEMO-66939
00000654,00000843,REF-00000654,20230307,910,46864,42646240,VOID,001,MEMO-40947
00000541,00000130,REF-00000541,20230126,480,03321,01594080,HOLD,001,MEMO-93658
00000681,00000417,REF-00000681,20240202,788,20346,16032648,HOLD,001,MEMO-92412
00000373,00000704,REF-00000373,20240320,822,71675,58916850,HOLD,001,MEMO-05072
00000233,00000991,REF-00000233,20250217,713,90056,64209928,VOID,001,MEMO-18028
00000603,00000278,REF-00000603,20251224,817,33680,27516560,DONE,001,MEMO-36820
00000572,00000565,REF-00000572,20251219,648,78827,51079896,HOLD,001,MEMO-35544
00000197,00000852,REF-00000197,20231228,263,23808,06261504,OPEN,002,MEMO-87402
00000511,00000139,REF-00000511,20230315,479,83772,40126788,VOID,001,MEMO-23831
00000029,00000426,REF-00000029,20230625,698,74062,51695276,DONE,003,MEMO-00023
00000543,00000713,REF-00000543,20250810,655,03439,02252545,DONE,001,MEMO-24193
00000429,00001000,REF-00000429,20250822,852,70284,59881968,HOLD,001,MEMO-62173
00000164,00000287,REF-00000164,20240321,519,69161,35894559,HOLD,001,MEMO-39859
00000187,00000574,REF-00000187,20251002,690,76185,52567650,OPEN,002,MEMO-23941
00000536,00000861,REF-00000536,20230420,012,20156,00241872,OPEN,001,MEMO-70981
00000488,00000148,REF-00000488,20230309,276,07723,02131548,VOID,001,MEMO-78100
00000457,00000435,REF-00000457,20251205,092,09145,00841340,DONE,001,MEMO-90255
00000706,00000722,REF-00000706,20240901,483,71082,34332606,OPEN,001,MEMO-56432
00000041,00000009,REF-00000041,20240517,113,63450,07169850,OPEN,002,MEMO-23126
00000209,00000296,REF-00000209,20240811,137,16286,02231182,DONE,001,MEMO-29786
00000006,00000583,REF-00000006,20230422,431,82717,35651027,OPEN,003,MEMO-44176
00000184,00000870,REF-00000184,20230810,795,99480,79086600,OPEN,001,MEMO-65851
00000006,00000157,REF-00000006,20230506,615,85748,52735020,HOLD,002,MEMO-73284
00000236,00000444,REF-00000236,20250503,845,45209,38201605,VOID,001,MEMO-34460
00000148,00000731,REF-00000148,20230426,998,01273,01270454,OPEN,001,MEMO-97387
00000170,00000018,REF-00000170,20240518,396,30739,12172644,OPEN,002,MEMO-93966
00000237,00000305,REF-00000237,20251216,078,12686,00989508,DONE,001,MEMO-33968
00000191,00000592,REF-00000191,20250322,409,24409,09983281,DONE,002,MEMO-95500
00000588,00000879,REF-00000588,20240415,799,40308,32206092,VOID,001,MEMO-08193
00000185,00000166,REF-00000185,20241226,622,00668,00415496,DONE,001,MEMO-81029
00000679,00000453,REF-00000679,20231002,562,91125,51212250,DONE,001,MEMO-39494
00000009,00000740,REF-00000009,20240608,365,38183,13936795,OPEN,001,MEMO-64915
00000186,00000027,REF-00000186,20230617,589,23653,13931617,VOID,002,MEMO-98834
00000339,00000314,REF-00000339,20240204,319,75973,24235387,HOLD,001,MEMO-43119
00000394,00000601,REF-00000394,20250903,837,29003,24275511,DONE,001,MEMO-74053
00000539,00000888,REF-00000539,20230407,738,07234,05338692,OPEN,001,MEMO-16261
00000620,00000175,REF-00000620,20250906,712,93304,66432448,DONE,001,MEMO-95531
00000248,00000462,REF-00000248,20240821,941,95488,89854208,DONE,001,MEMO-92179
00000087,00000749,REF-00000087,20240609,815,01696,01382240,HOLD,001,MEMO-48732
00000467,00000036,REF-00000467,20250809,264,45005,11881320,DONE,001,MEMO-07677
00000015,00000323,REF-00000015,20230412,741,29478,21843198,OPEN,001,MEMO-15811
00000159,00000610,REF-00000159,20240222,446,12896,05751616,HOLD,002,MEMO-57492
00000448,00000897,REF-00000448,20230109,291,91679,26678589,OPEN,001,MEMO-42682
00000192,00000184,REF-00000192,20241005,551,76650,42234150,HOLD,002,MEMO-98166
00000098,00000471,REF-00000098,20230225,697,51312,35764464,DONE,002,MEMO-36925
00000021,00000758,REF-00000021,20231020,856,86465,74014040,DONE,002,MEMO-37618
00000278,00000045,REF-00000278,20231020,602,97761,58852122,DONE,001,MEMO-45399
00000458,00000332,REF-00000458,20241024,766,90511,69331426,HOLD,001,MEMO-16060
00000269,00000619,REF-00000269,20250714,841,05157,04337037,HOLD,001,MEMO-01951
00000195,00000906,REF-00000195,20240224,950,32899,31254050,DONE,002,MEMO-04380
00000198,00000193,REF-00000198,20230202,228,26605,06065940,DONE,001,MEMO-22362
00000002,00000480,REF-00000002,20240614,981,83327,81743787,HOLD,005,MEMO-71546
00000491,00000767,REF-00000491,20230312,696,92358,64281168,VOID,001,MEMO-27988
00000497,00000054,REF-00000497,20250227,667,63098,42086366,OPEN,001,MEMO-29901
00000631,00000341,REF-00000631,20240226,443,27735,12286605,HOLD,001,MEMO-65429
00000390,00000628,REF-00000390,20250407,662,33427,22128674,HOLD,001,MEMO-68476
00000704,00000915,REF-00000704,20240822,024,21361,00512664,VOID,001,MEMO-54980
00000418,00000202,REF-00000418,20230711,655,50447,33042785,DONE,001,MEMO-84768
00000564,00000489,REF-00000564,20250114,003,91904,00275712,DONE,001,MEMO-97745
00000042,00000776,REF-00000042,20250813,347,84662,29377714,DONE,001,MEMO-38807
00000686,00000063,REF-00000686,20231021,015,90999,01364985,DONE,001,MEMO-01595
00000112,00000350,REF-00000112,20250306,870,46997,40887390,DONE,002,MEMO-95700
00000519,00000637,REF-00000519,20241005,012,08889,00106668,HOLD,001,MEMO-57227
00000600,00000924,REF-00000600,20231126,544,26804,14581376,DONE,001,MEMO-97150
00000703,00000211,REF-00000703,20250504,701,46851,32842551,DONE,001,MEMO-71898
00000010,00000498,REF-00000010,20250625,723,24172,17476356,HOLD,002,MEMO-00044
00000144,00000785,REF-00000144,20230201,811,26041,21119251,DONE,002,MEMO-35833
00000114,00000072,REF-00000114,20230802,897,85108,76341876,OPEN,002,MEMO-71589
00000036,00000359,REF-00000036,20250621,628,74144,46562432,OPEN,001,MEMO-84641
00000482,00000646,REF-00000482,20230526,236,07678,01812008,HOLD,001,MEMO-96569
00000461,00000933,REF-00000461,20240622,073,36441,02660193,HOLD,001,MEMO-40539
00000661,00000220,REF-00000661,20240424,634,96762,61347108,VOID,001,MEMO-60960
00000010,00000507,REF-00000010,20240723,537,14907,08005059,HOLD,004,MEMO-99356
00000438,00000794,REF-00000438,20240809,909,98613,89639217,DONE,001,MEMO-00432
00000096,00000081,REF-00000096,20250705,424,50925,21592200,OPEN,001,MEMO-30260
00000577,00000368,REF-00000577,20230402,020,02816,00056320,OPEN,001,MEMO-27082
00000591,00000655,REF-00000591,20240418,989,54417,53818413,VOID,001,MEMO-42678
00000105,00000942,REF-00000105,20251202,347,50641,17572427,DONE,001,MEMO-16361
00000505,00000229,REF-00000505,20240825,668,22214,14838952,VOID,001,MEMO-15141
00000095,00000516,REF-00000095,20230305,906,99268,89936808,VOID,002,MEMO-82869
00000060,00000803,REF-00000060,20250723,625,43689,27305625,HOLD,001,MEMO-54776
00000010,00000090,REF-00000010,20230816,542,18524,10040008,OPEN,005,MEMO-38593
00000644,00000377,REF-00000644,20241222,996,41920,41752320,DONE,001,MEMO-86226
00000010,00000664,REF-00000010,20250318,799,44942,35908658,HOLD,003,MEMO-05598
00000250,00000951,REF-00000250,20250201,613,26207,16064891,VOID,001,MEMO-56333
00000312,00000238,REF-00000312,20241013,166,06352,01054432,HOLD,001,MEMO-74511
00000120,00000525,REF-00000120,20250814,324,14801,04795524,DONE,002,MEMO-43935
00000001,00000812,REF-00000001,20230224,924,08856,08182944,DONE,005,MEMO-53982
00000004,00000099,REF-00000004,20230422,036,14557,00524052,VOID,004,MEMO-93290
00000637,00000386,REF-00000637,20240819,530,98435,52170550,VOID,001,MEMO-80717
00000134,00000673,REF-00000134,20251008,267,77268,20630556,VOID,001,MEMO-30430
00000532,00000960,REF-00000532,20241203,184,28421,05229464,VOID,001,MEMO-91745
00000496,00000247,REF-00000496,20250412,641,54312,34813992,HOLD,001,MEMO-01647
00000151,00000534,REF-00000151,20250619,983,84247,82814801,VOID,001,MEMO-78172
00000074,00000821,REF-00000074,20240316,143,68257,09760751,HOLD,001,MEMO-34539
00000521,00000108,REF-00000521,20230524,716,52814,37814824,HOLD,001,MEMO-13593
00000264,00000395,REF-00000264,20250619,941,60120,56572920,OPEN,001,MEMO-51674
00000356,00000682,REF-00000356,20230907,676,56714,38338664,HOLD,001,MEMO-33760
00000447,00000969,REF-00000447,20250605,135,50754,06851790,OPEN,001,MEMO-82726
00000701,00000256,REF-00000701,20250428,843,45902,38695386,HOLD,001,MEMO-88697
00000340,00000543,REF-00000340,20230417,781,21144,16513464,VOID,001,MEMO-12796
00001005,00000830,REF-00001005,20241001,306,29119,08910414,OPEN,001,MEMO-73660
00000489,00000117,REF-00000489,20250426,481,69624,33489144,HOLD,001,MEMO-79437
00000127,00000404,REF-00000127,20230427,946,17839,16875694,VOID,001,MEMO-16945
00000324,00000691,REF-00000324,20241123,936,62590,58584240,DONE,001,MEMO-36367
00000424,00000978,REF-00000424,20241008,204,51289,10462956,OPEN,001,MEMO-34266
00000196,00000265,REF-00000196,20240405,047,47548,02234756,VOID,002,MEMO-46845
00000604,00000552,REF-00000604,20230912,971,91858,89194118,HOLD,001,MEMO-34151
00000007,00000839,REF-00000007,20240718,195,30803,06006585,DONE,005,MEMO-93245
00000585,00000126,REF-00000585,20240125,104,68202,07093008,VOID,001,MEMO-08199
00000196,00000413,REF-00000196,20230125,264,48630,12838320,HOLD,001,MEMO-87809
00000146,00000700,REF-00000146,20230120,354,15960,05649840,HOLD,002,MEMO-44252
00000093,00000987,REF-00000093,20241226,381,68530,26109930,VOID,001,MEMO-30699
00000130,00000274,REF-00000130,20240424,978,00230,00224940,VOID,002,MEMO-23924
00000046,00000561,REF-00000046,20241020,671,45862,30773402,HOLD,001,MEMO-23234
00000671,00000848,REF-00000671,20230323,762,67279,51266598,VOID,001,MEMO-87055
00000066,00000135,REF-00000066,20231121,384,79077,30365568,DONE,001,MEMO-78582
00000034,00000422,REF-00000034,20241225,222,07053,01565766,VOID,001,MEMO-92267
00000067,00000709,REF-00000067,20251226,773,13838,10696774,VOID,002,MEMO-93334
00000062,00000996,REF-00000062,20230610,609,22699,13823691,DONE,001,MEMO-15399
00000614,00000283,REF-00000614,20240218,930,75739,70437270,OPEN,001,MEMO-63133
00000323,00000570,REF-00000323,20231125,804,85030,68364120,VOID,001,MEMO-57334
00000178,00000857,REF-00000178,20230207,435,03929,01709115,DONE,001,MEMO-87713
00000655,00000144,REF-00000655,20231020,941,54243,51042663,HOLD,001,MEMO-59709
00000087,00000431,REF-00000087,20230207,105,28005,02940525,VOID,002,MEMO-38637
00000190,00000718,REF-00000190,20240907,394,96840,38154960,VOID,001,MEMO-51229
00000486,00000005,REF-00000486,20230817,445,94278,41953710,VOID,001,MEMO-88805
00000004,00000292,REF-00000004,20240324,638,83091,53012058,DONE,005,MEMO-92619
00000189,00000579,REF-00000189,20231110,634,89259,56590206,VOID,002,MEMO-24924
00000361,00000866,REF-00000361,20240210,506,77881,39407786,OPEN,001,MEMO-76345
00000194,00000153,REF-00000194,20240107,478,81024,38729472,OPEN,002,MEMO-47945
00000056,00000440,REF-00000056,20251017,566,11530,06525980,HOLD,003,MEMO-09141
00000036,00000727,REF-00000036,20250408,882,75643,66717126,DONE,003,MEMO-32075
00000110,00000014,REF-00000110,20230722,147,89037,13088439,VOID,001,MEMO-62075
00000008,00000301,REF-00000008,20240824,828,97172,80458416,VOID,005,MEMO-62381
00000368,00000588,REF-00000368,20230526,132,01546,00204072,OPEN,001,MEMO-27198
00000204,00000875,REF-00000204,20240907,627,21930,13750110,OPEN,002,MEMO-49095
00000285,00000162,REF-00000285,20240804,846,92315,78098490,VOID,001,MEMO-23350
00000580,00000449,REF-00000580,20240528,456,94635,43153560,OPEN,001,MEMO-92306
00000499,00000736,REF-00000499,20250728,977,49050,47921850,HOLD,001,MEMO-64493
00000662,00000023,REF-00000662,20240704,642,36175,23224350,HOLD,001,MEMO-87762
00000531,00000310,REF-00000531,20230922,983,32504,31951432,OPEN,001,MEMO-68486
00000385,00000597,REF-00000385,20230907,539,62043,33441177,OPEN,001,MEMO-86446
00000177,00000884,REF-00000177,20250210,101,94612,09555812,OPEN,002,MEMO-50454
00001006,00000171,REF-00001006,20231108,830,24759,20549970,VOID,001,MEMO-78295
00000710,00000458,REF-00000710,20240808,111,00446,00049506,DONE,001,MEMO-78937
00000596,00000745,REF-00000596,20240717,354,13235,04685190,DONE,001,MEMO-78493
00000040,00000032,REF-00000040,20240625,735,75745,55672575,HOLD,001,MEMO-15780
00000052,00000319,REF-00000052,20241104,116,15835,01836860,DONE,001,MEMO-53862
00001007,00000606,REF-00001007,20231015,519,41451,21513069,DONE,001,MEMO-66022
00000044,00000893,REF-00000044,20240122,935,85396,79845260,VOID,001,MEMO-99951
00000699,00000180,REF-00000699,20250228,010,26393,00263930,OPEN,001,MEMO-18986
00000434,00000467,REF-00000434,20240104,114,53132,06057048,OPEN,001,MEMO-69478
00000072,00000754,REF-00000072,20231105,688,83283,57298704,VOID,002,MEMO-03828
00000007,00000041,REF-00000007,20230919,210,37256,07823760,HOLD,001,MEMO-27189
00000100,00000328,REF-00000100,20250703,837,16645,13931865,HOLD,002,MEMO-25348
00000022,00000615,REF-00000022,20250628,723,09618,06953814,OPEN,001,MEMO-57941
00000192,00000902,REF-00000192,20230601,607,29821,18101347,DONE,001,MEMO-79514
00000380,00000189,REF-00000380,20240303,222,94946,21078012,DONE,001,MEMO-52147
00000310,00000476,REF-00000310,20240320,146,64564,09426344,HOLD,001,MEMO-07139
00000653,00000763,REF-00000653,20230113,452,56130,25370760,OPEN,001,MEMO-30629
00000068,00000050,REF-00000068,20250202,062,08235,00510570,OPEN,002,MEMO-39624
00000228,,REF-00000228,20250608,968,26959,26096312,OPEN,001,MEMO-18126
00000158,00000624,REF-00000158,20240527,392,01993,00781256,OPEN,001,MEMO-52524
00000465,00000911,REF-00000465,20230915,569,66490,37832810,HOLD,001,MEMO-12971
00001008,00000198,REF-00001008,20230201,382,27121,10360222,DONE,001,MEMO-39670
00000041,00000485,REF-00000041,20230504,704,28590,20127360,DONE,003,MEMO-32223
00000004,00000772,REF-00000004,20240722,708,19988,14151504,VOID,002,MEMO-47320
00000223,,REF-00000223,20230504,707,24008,16973656,HOLD,001,MEMO-98630
