key1,a_code,a_name,a_grade,a_date,a_amount,a_rate,a_flag,a_dept,a_note
00000001,A64579,SAMPLE-A-0000001,A2,20231203,8464697,0.5779,Y,D613,NOTE-47180
00000002,A09468,SAMPLE-A-0000002,C1,20230320,0219534,0.1607,N,D592,NOTE-69547
00000003,A79943,SAMPLE-A-0000003,B2,20241115,3831459,0.6453,Y,D408,NOTE-19033
00000004,A20256,SAMPLE-A-0000004,A2,20251225,9325536,0.7588,N,D610,NOTE-63857
00000005,A44104,SAMPLE-A-0000005,A2,20250120,7012980,0.8204,N,D869,NOTE-14968
00000006,A59612,SAMPLE-A-0000006,B1,20251025,9961375,0.3755,Y,D672,NOTE-09077
00000007,A87545,SAMPLE-A-0000007,C1,20230103,1715194,0.1970,N,D665,NOTE-70261
00000008,A97542,SAMPLE-A-0000008,C1,20230315,8691285,0.6472,N,D762,NOTE-26235
00000009,A19223,SAMPLE-A-0000009,B1,20230201,7155632,0.7449,Y,D070,NOTE-90975
00000010,A93955,SAMPLE-A-0000010,B2,20230504,3622755,0.9262,N,D579,NOTE-30780
00000011,A46575,SAMPLE-A-0000011,C1,20251017,7293177,0.7230,N,D108,NOTE-11786
00000012,A09627,SAMPLE-A-0000012,C1,20231208,2630945,0.4587,Y,D640,NOTE-58741
00000013,A37928,SAMPLE-A-0000013,A2,20230603,0014854,0.7082,N,D579,NOTE-50456
00000014,A68997,SAMPLE-A-0000014,C1,20230122,3906424,0.6882,N,D976,NOTE-60754
00000015,A77414,SAMPLE-A-0000015,C1,20251006,5725264,0.1403,N,D378,NOTE-49812
00000016,A52903,SAMPLE-A-0000016,B2,20240814,3969262,0.1596,N,D568,NOTE-85655
00000017,A30543,SAMPLE-A-0000017,B2,20230220,1328810,0.3764,N,D292,NOTE-17249
00000018,A73964,SAMPLE-A-0000018,C1,20250207,3279721,0.1882,N,D169,NOTE-11728
00000019,A85284,SAMPLE-A-0000019,A2,20240224,7407887,0.8626,N,D085,NOTE-52532
00000020,A45496,SAMPLE-A-0000020,C1,20250212,2746703,0.9079,Y,D513,NOTE-98684
00000021,A71873,SAMPLE-A-0000021,B2,20240707,0196100,0.6878,Y,D653,NOTE-39143
00000022,A70127,SAMPLE-A-0000022,B1,20250319,8463848,0.4198,N,D889,NOTE-68738
00000023,A12840,SAMPLE-A-0000023,B2,20240124,0283681,0.4439,Y,D374,NOTE-95425
00000024,A23165,SAMPLE-A-0000024,A1,20240902,7406454,0.2907,Y,D149,NOTE-99626
00000025,A44462,SAMPLE-A-0000025,B1,20241018,5118195,0.2970,N,D392,NOTE-17513
00000026,A81850,SAMPLE-A-0000026,B1,20240326,7191989,0.8621,Y,D329,NOTE-30965
00000027,A48189,SAMPLE-A-0000027,A2,20250116,0082989,0.6747,N,D070,NOTE-02205
00000028,A90406,SAMPLE-A-0000028,A2,20230528,5495191,0.8830,N,D062,NOTE-55395
00000029,A65807,SAMPLE-A-0000029,B1,20230424,3010378,0.5655,Y,D917,NOTE-20101
00000030,A62904,SAMPLE-A-0000030,B2,20230325,7212138,0.2913,Y,D833,NOTE-00229
00000031,A15920,SAMPLE-A-0000031,C1,20241201,3810806,0.1385,Y,D728,NOTE-23652
00000032,A59778,SAMPLE-A-0000032,A2,20240107,7527260,0.2239,Y,D830,NOTE-53100
00000033,A52390,SAMPLE-A-0000033,A1,20240203,4777305,0.7558,N,D163,NOTE-66742
00000034,A20924,SAMPLE-A-0000034,B1,20250807,1755918,0.1657,Y,D815,NOTE-68037
00000035,A88803,SAMPLE-A-0000035,A1,20250510,5252446,0.6783,Y,D934,NOTE-59137
00000036,A19116,SAMPLE-A-0000036,A1,20230501,0469928,0.5370,N,D321,NOTE-86699
00000037,A95182,SAMPLE-A-0000037,C1,20230520,8162346,0.2811,Y,D974,NOTE-28145
00000038,A69727,SAMPLE-A-0000038,B1,20250820,1912731,0.8165,Y,D671,NOTE-14010
00000039,A63639,SAMPLE-A-0000039,B1,20231101,3326581,0.0500,Y,D921,NOTE-65686
00000040,A37312,SAMPLE-A-0000040,A2,20230602,0233301,0.8678,N,D935,NOTE-22816
00000041,A68801,SAMPLE-A-0000041,B1,20231202,8573023,0.1231,Y,D709,NOTE-09955
00000042,A47161,SAMPLE-A-0000042,B1,20240825,0330948,0.6080,N,D573,NOTE-40461
00000043,A75251,SAMPLE-A-0000043,C1,20240711,8654699,0.5017,Y,D807,NOTE-89873
00000044,A21170,SAMPLE-A-0000044,B2,20230627,3948736,0.7105,Y,D077,NOTE-49793
00000045,A09891,SAMPLE-A-0000045,B1,20240411,1701493,0.2544,N,D733,NOTE-58007
00000046,A16315,SAMPLE-A-0000046,A2,20230822,5241376,0.0927,Y,D311,NOTE-46489
00000047,A13889,SAMPLE-A-0000047,B1,20251126,6860042,0.6046,N,D062,NOTE-30481
00000048,A98030,SAMPLE-A-0000048,B2,20251128,5312669,0.1242,N,D737,NOTE-77372
00000049,A43056,SAMPLE-A-0000049,A2,20240125,2939688,0.4811,Y,D845,NOTE-52326
00000050,A44011,SAMPLE-A-0000050,A2,20240417,4950492,0.1068,N,D113,NOTE-30587
00000051,A50392,SAMPLE-A-0000051,A2,20230609,8701777,0.6604,Y,D244,NOTE-98842
00000052,A36474,SAMPLE-A-0000052,A2,20251227,3517694,0.7325,Y,D234,NOTE-84379
00000053,A51910,SAMPLE-A-0000053,A1,20240416,1619619,0.5284,N,D024,NOTE-18163
00000054,A97787,SAMPLE-A-0000054,A1,20240126,4845585,0.0976,N,D138,NOTE-79336
00000055,A88549,SAMPLE-A-0000055,A2,20241118,1872795,0.3914,N,D486,NOTE-94706
00000056,A67255,SAMPLE-A-0000056,A2,20250519,3543427,0.2672,N,D486,NOTE-98010
00000057,A22836,SAMPLE-A-0000057,C1,20231124,6407362,0.5360,N,D947,NOTE-93187
00000058,A99554,SAMPLE-A-0000058,C1,20231201,8230240,0.3430,Y,D627,NOTE-95770
00000059,A87438,SAMPLE-A-0000059,A1,20230118,2029592,0.6358,N,D838,NOTE-56537
00000060,A34911,SAMPLE-A-0000060,A1,20231102,6977039,0.6563,Y,D509,NOTE-13713
00000061,A12713,SAMPLE-A-0000061,A1,20231010,4563129,0.7901,Y,D836,NOTE-63910
00000062,A09781,SAMPLE-A-0000062,B1,20251120,8632854,0.8010,N,D437,NOTE-36365
00000063,A83140,SAMPLE-A-0000063,B1,20230810,0325711,0.9299,Y,D711,NOTE-68835
00000064,A24776,SAMPLE-A-0000064,A1,20250113,8819211,0.4037,Y,D798,NOTE-49192
00000065,A62497,SAMPLE-A-0000065,A2,20250523,6453432,0.2284,N,D344,NOTE-49252
00000066,A12509,SAMPLE-A-0000066,C1,20230412,8015254,0.9427,Y,D422,NOTE-26047
00000067,A19924,SAMPLE-A-0000067,B1,20240202,2141118,0.1802,N,D689,NOTE-97427
00000068,A15448,SAMPLE-A-0000068,A2,20240805,6597444,0.3328,N,D563,NOTE-30796
00000069,A34360,SAMPLE-A-0000069,A1,20240308,9708009,0.6993,Y,D205,NOTE-11870
00000070,A44460,SAMPLE-A-0000070,B1,20240214,3055735,0.6350,N,D639,NOTE-63855
00000071,A53783,SAMPLE-A-0000071,A2,20251007,5018991,0.5983,Y,D944,NOTE-32417
00000072,A57356,SAMPLE-A-0000072,B1,20230801,2147909,0.6083,Y,D442,NOTE-60048
00000073,A58536,SAMPLE-A-0000073,A2,20240623,9470606,0.5765,Y,D882,NOTE-89817
00000074,A23066,SAMPLE-A-0000074,B2,20250727,1933044,0.9573,Y,D016,NOTE-81908
00000075,A67076,SAMPLE-A-0000075,A2,20250609,4906116,0.3027,Y,D226,NOTE-72205
00000076,A93240,SAMPLE-A-0000076,B2,20230101,0517030,0.2230,N,D750,NOTE-52069
00000077,A33631,SAMPLE-A-0000077,A2,20250723,7880744,0.1711,N,D075,NOTE-91605
00000078,A95998,SAMPLE-A-0000078,B1,20251208,6598875,0.8265,Y,D815,NOTE-57914
00000079,A50607,SAMPLE-A-0000079,A2,20231128,8535989,0.5152,N,D515,NOTE-62419
00000080,A95969,SAMPLE-A-0000080,A2,20240526,2225402,0.9495,Y,D385,NOTE-91323
00000081,A13194,SAMPLE-A-0000081,C1,20241112,4485607,0.1825,Y,D051,NOTE-01328
00000082,A57159,SAMPLE-A-0000082,B2,20240224,6358236,0.7473,N,D250,NOTE-73715
00000083,A69424,SAMPLE-A-0000083,A2,20230404,9729452,0.5319,Y,D620,NOTE-41310
00000084,A41035,SAMPLE-A-0000084,B2,20250324,5071974,0.1458,N,D754,NOTE-92217
00000085,A62830,SAMPLE-A-0000085,C1,20240220,3032794,0.9186,N,D493,NOTE-06034
00000086,A05347,SAMPLE-A-0000086,A2,20231013,6645833,0.1165,Y,D322,NOTE-52393
00000087,A67109,SAMPLE-A-0000087,A2,20230301,7928643,0.0716,N,D033,NOTE-79413
00000088,A78095,SAMPLE-A-0000088,A2,20251119,4964611,0.1150,N,D218,NOTE-60735
00000089,A84247,SAMPLE-A-0000089,B1,20230402,2526942,0.7719,Y,D212,NOTE-51883
00000090,A09136,SAMPLE-A-0000090,C1,20230712,9832244,0.7784,N,D127,NOTE-06532
00000091,A28274,SAMPLE-A-0000091,B1,20230606,3379595,0.4016,N,D930,NOTE-34497
00000092,A57889,SAMPLE-A-0000092,A1,20240327,8661454,0.2361,Y,D661,NOTE-88575
00000093,A50578,SAMPLE-A-0000093,B2,20240524,6436787,0.5896,N,D516,NOTE-00903
00000094,A60195,SAMPLE-A-0000094,B2,20240820,9596321,0.2948,N,D101,NOTE-90868
00000095,A28291,SAMPLE-A-0000095,B2,20250823,2009994,0.4965,N,D967,NOTE-68932
00000096,A64911,SAMPLE-A-0000096,A2,20250717,0174012,0.3810,N,D392,NOTE-30412
00000097,A79263,SAMPLE-A-0000097,B2,20240901,7678071,0.3042,N,D335,NOTE-91493
00000098,A25400,SAMPLE-A-0000098,B1,20251225,9420042,0.7652,N,D590,NOTE-04903
00000099,A45184,SAMPLE-A-0000099,A2,20231123,2768897,0.8932,N,D168,NOTE-88915
00000100,A74361,SAMPLE-A-0000100,B2,20250407,8250812,0.6293,Y,D742,NOTE-37482
00000101,A50538,SAMPLE-A-0000101,A1,20251005,6484049,0.3756,Y,D215,NOTE-93235
00000102,A22034,SAMPLE-A-0000102,C1,20240803,9709919,0.9432,N,D945,NOTE-49209
00000103,A93203,SAMPLE-A-0000103,B1,20231021,6497482,0.6769,Y,D385,NOTE-07538
00000104,A39043,SAMPLE-A-0000104,C1,20250807,3439812,0.8985,Y,D764,NOTE-56821
00000105,A34386,SAMPLE-A-0000105,A2,20241217,1146753,0.4472,N,D943,NOTE-37843
00000106,A67459,SAMPLE-A-0000106,A2,20230810,3094687,0.2127,Y,D257,NOTE-64698
00000107,A23918,SAMPLE-A-0000107,A1,20230517,6762774,0.9533,N,D249,NOTE-01322
00000108,A70546,SAMPLE-A-0000108,A1,20250107,2069093,0.8236,N,D980,NOTE-96626
00000109,A48824,SAMPLE-A-0000109,C1,20240301,9302679,0.8885,Y,D455,NOTE-26258
00000110,A60156,SAMPLE-A-0000110,B2,20230912,2594164,0.9091,Y,D912,NOTE-88260
00000111,A67172,SAMPLE-A-0000111,B2,20250311,5196045,0.8011,Y,D974,NOTE-38548
00000112,A22786,SAMPLE-A-0000112,C1,20250421,2894986,0.9981,Y,D305,NOTE-46800
00000113,A65775,SAMPLE-A-0000113,B2,20240422,1061703,0.2740,N,D096,NOTE-48451
00000114,A47404,SAMPLE-A-0000114,C1,20251013,2746373,0.0555,Y,D395,NOTE-64721
00000115,A27960,SAMPLE-A-0000115,C1,20240212,1407008,0.2321,Y,D642,NOTE-75144
00000116,A02004,SAMPLE-A-0000116,A2,20241204,6623061,0.5496,N,D961,NOTE-35671
00000117,A77207,SAMPLE-A-0000117,B2,20231128,4449688,0.6585,Y,D921,NOTE-39870
00000118,A81388,SAMPLE-A-0000118,B1,20231225,7672580,0.0695,Y,D801,NOTE-71357
00000119,A44355,SAMPLE-A-0000119,A1,20251108,9479614,0.4582,Y,D252,NOTE-14654
00000120,A00188,SAMPLE-A-0000120,B1,20240922,6389346,0.3652,N,D743,NOTE-05388
00000121,A93858,SAMPLE-A-0000121,A2,20241115,4072781,0.2125,Y,D188,NOTE-03272
00000122,A27110,SAMPLE-A-0000122,A2,20240602,6617229,0.2194,N,D338,NOTE-20756
00000123,A34277,SAMPLE-A-0000123,B1,20240528,9778594,0.5435,Y,D999,NOTE-82527
00000124,A46217,SAMPLE-A-0000124,B1,20251028,5249075,0.3263,Y,D257,NOTE-90724
00000125,A90889,SAMPLE-A-0000125,B1,20241015,7783450,0.3046,N,D142,NOTE-40737
00000126,A02349,SAMPLE-A-0000126,B2,20241107,1199770,0.8417,Y,D215,NOTE-63223
00000127,A93166,SAMPLE-A-0000127,B2,20240403,3277140,0.4248,N,D248,NOTE-43547
00000128,A11626,SAMPLE-A-0000128,C1,20251021,9919699,0.5259,Y,D878,NOTE-68628
00000129,A05898,SAMPLE-A-0000129,C1,20250315,7561152,0.3242,N,D950,NOTE-60833
00000130,A17477,SAMPLE-A-0000130,A2,20231009,9444018,0.7101,Y,D236,NOTE-05832
00000131,A55511,SAMPLE-A-0000131,B2,20230323,3210307,0.6843,Y,D897,NOTE-27381
00000132,A35893,SAMPLE-A-0000132,C1,20250722,8139348,0.4750,N,D134,NOTE-11252
00000133,A48189,SAMPLE-A-0000133,B1,20250320,5717207,0.3671,Y,D432,NOTE-01641
00000134,A78551,SAMPLE-A-0000134,B1,20230619,9852359,0.1713,Y,D946,NOTE-72325
00000135,A43558,SAMPLE-A-0000135,A2,20250510,1612322,0.0072,N,D770,NOTE-54005
00000136,A29081,SAMPLE-A-0000136,A1,20230611,8681849,0.0386,N,D294,NOTE-15673
00000137,A79543,SAMPLE-A-0000137,A1,20230822,6006596,0.7619,Y,D699,NOTE-44769
00000138,A43419,SAMPLE-A-0000138,B1,20230312,2991867,0.8612,N,D069,NOTE-02776
00000139,A86598,SAMPLE-A-0000139,B1,20230603,6537104,0.0933,Y,D195,NOTE-27284
00000140,A48666,SAMPLE-A-0000140,A2,20250423,1575853,0.0757,Y,D814,NOTE-73192
00000141,A03237,SAMPLE-A-0000141,A1,20230327,9455729,0.8460,N,D830,NOTE-61088
00000142,A18985,SAMPLE-A-0000142,A1,20251009,2600717,0.9387,N,D559,NOTE-07008
00000143,A11738,SAMPLE-A-0000143,A1,20241024,4547559,0.9234,N,D465,NOTE-01531
00000144,A32067,SAMPLE-A-0000144,B2,20251109,3303490,0.2278,N,D029,NOTE-37152
00000145,A18169,SAMPLE-A-0000145,A1,20230813,0561677,0.3855,Y,D798,NOTE-57079
00000146,A86518,SAMPLE-A-0000146,A1,20250118,2908945,0.8544,N,D188,NOTE-45950
00000147,A00807,SAMPLE-A-0000147,C1,20231013,6124663,0.2152,Y,D834,NOTE-43561
00000148,A21591,SAMPLE-A-0000148,B2,20230627,1623003,0.0737,Y,D450,NOTE-41993
00000149,A18709,SAMPLE-A-0000149,A1,20241205,9043215,0.0880,N,D038,NOTE-62425
00000150,A83751,SAMPLE-A-0000150,B2,20230405,7704656,0.8604,N,D439,NOTE-71468
00000151,A29166,SAMPLE-A-0000151,C1,20240309,9496007,0.8766,N,D297,NOTE-27195
00000152,A31829,SAMPLE-A-0000152,B1,20240806,6548170,0.3645,N,D870,NOTE-37896
00000153,A44093,SAMPLE-A-0000153,C1,20250120,4100967,0.2932,N,D624,NOTE-99092
00000154,A56763,SAMPLE-A-0000154,A1,20250624,5843045,0.7803,Y,D532,NOTE-77194
00000155,A73953,SAMPLE-A-0000155,C1,20250708,9912700,0.3474,N,D014,NOTE-30990
00000156,A06729,SAMPLE-A-0000156,B2,20250112,4704003,0.9159,Y,D022,NOTE-44729
00000157,A39841,SAMPLE-A-0000157,C1,20240306,2980454,0.4409,Y,D345,NOTE-17270
00000158,A56115,SAMPLE-A-0000158,B1,20230502,6140883,0.5830,N,D838,NOTE-80131
00000159,A89543,SAMPLE-A-0000159,A1,20240509,3051918,0.4279,Y,D569,NOTE-97925
00000160,A96022,SAMPLE-A-0000160,B1,20250110,6200560,0.9121,Y,D698,NOTE-02935
00000161,A59973,SAMPLE-A-0000161,B1,20250909,3691757,0.4288,N,D328,NOTE-21584
00000162,A86114,SAMPLE-A-0000162,A2,20250621,0989902,0.4919,Y,D975,NOTE-41996
00000163,A82473,SAMPLE-A-0000163,C1,20240209,4336069,0.9622,N,D727,NOTE-41562
00000164,A34816,SAMPLE-A-0000164,A1,20250907,9850883,0.5620,N,D864,NOTE-90707
00000165,A78378,SAMPLE-A-0000165,C1,20230601,7533526,0.2669,Y,D286,NOTE-42072
00000166,A60285,SAMPLE-A-0000166,B1,20230525,0761124,0.9642,Y,D564,NOTE-85752
00000167,A97123,SAMPLE-A-0000167,B2,20250615,3035068,0.8691,Y,D148,NOTE-63389
00000168,A85742,SAMPLE-A-0000168,A1,20240119,9965625,0.4143,Y,D314,NOTE-27780
00000169,A45559,SAMPLE-A-0000169,B2,20241118,7689971,0.4073,Y,D605,NOTE-17440
00000170,A62766,SAMPLE-A-0000170,A1,20230127,9161112,0.9353,Y,D424,NOTE-20577
00000171,A60593,SAMPLE-A-0000171,C1,20250227,7829979,0.9551,Y,D343,NOTE-21051
00000172,A32315,SAMPLE-A-0000172,B1,20241005,3152933,0.1786,N,D542,NOTE-89623
00000173,A10988,SAMPLE-A-0000173,A1,20230917,0798632,0.9914,N,D951,NOTE-38715
00000174,A21439,SAMPLE-A-0000174,C1,20250808,4218040,0.2421,Y,D825,NOTE-09618
00000175,A47736,SAMPLE-A-0000175,A2,20231101,6230882,0.2852,N,D345,NOTE-94011
00000176,A58441,SAMPLE-A-0000176,A2,20230817,4493073,0.8604,Y,D483,NOTE-09092
00000177,A17427,SAMPLE-A-0000177,A2,20251212,2115980,0.6213,Y,D168,NOTE-66367
00000178,A21875,SAMPLE-A-0000178,A2,20241017,4328652,0.7493,N,D467,NOTE-48279
00000179,A92070,SAMPLE-A-0000179,A2,20230824,7939537,0.3555,Y,D324,NOTE-66068
00000180,A55609,SAMPLE-A-0000180,C1,20250216,3267603,0.6214,N,D603,NOTE-48487
00000181,A91420,SAMPLE-A-0000181,B1,20240219,0467463,0.6030,N,D730,NOTE-38216
00000182,A36559,SAMPLE-A-0000182,B1,20230617,3809142,0.3529,Y,D498,NOTE-25293
00000183,A17997,SAMPLE-A-0000183,B2,20250524,1111555,0.5968,N,D190,NOTE-36493
00000184,A71912,SAMPLE-A-0000184,B1,20230914,3423272,0.7658,N,D810,NOTE-60568
00000185,A80975,SAMPLE-A-0000185,C1,20230411,5639189,0.6619,Y,D383,NOTE-40042
00000186,A88218,SAMPLE-A-0000186,C1,20250512,7733465,0.7948,N,D583,NOTE-41431
00000187,A20737,SAMPLE-A-0000187,A1,20240708,0878512,0.7052,N,D531,NOTE-70431
00000188,A91273,SAMPLE-A-0000188,B1,20251215,6315643,0.0109,Y,D641,NOTE-11720
00000189,A46424,SAMPLE-A-0000189,A1,20240916,4317968,0.9092,N,D716,NOTE-29105
00000190,A56857,SAMPLE-A-0000190,A1,20241222,7749774,0.8528,N,D899,NOTE-46915
00000191,A40152,SAMPLE-A-0000191,B1,20250411,9311558,0.3881,Y,D929,NOTE-40202
00000192,A65890,SAMPLE-A-0000192,C1,20250317,8044192,0.9982,N,D661,NOTE-67822
00000193,A79208,SAMPLE-A-0000193,A2,20240624,5307228,0.1398,N,D246,NOTE-97654
00000194,A78727,SAMPLE-A-0000194,C1,20251224,7781567,0.4728,N,D932,NOTE-17807
00000195,A71670,SAMPLE-A-0000195,B1,20230721,0991014,0.0704,N,D323,NOTE-09258
00000196,A97399,SAMPLE-A-0000196,C1,20250422,6495865,0.2345,Y,D158,NOTE-35737
00000197,A80146,SAMPLE-A-0000197,A1,20251008,8941648,0.8315,Y,D816,NOTE-17716
00000198,A58946,SAMPLE-A-0000198,B1,20240816,2442015,0.9748,N,D897,NOTE-16636
00000199,A94878,SAMPLE-A-0000199,A2,20241105,4392951,0.2981,Y,D702,NOTE-09149
00000200,A10115,SAMPLE-A-0000200,C1,20240308,1020857,0.6021,Y,D056,NOTE-20357
00000201,A91551,SAMPLE-A-0000201,C1,20241206,8832549,0.6636,N,D854,NOTE-37796
00000202,A75162,SAMPLE-A-0000202,B1,20250618,0578180,0.5491,Y,D680,NOTE-21705
00000203,A34041,SAMPLE-A-0000203,B1,20240615,3889660,0.4041,N,D575,NOTE-85237
00000204,A41048,SAMPLE-A-0000204,B2,20230726,9439409,0.0544,N,D733,NOTE-71208
00000205,A70256,SAMPLE-A-0000205,A2,20230626,7709316,0.3601,Y,D977,NOTE-21539
00000206,A43195,SAMPLE-A-0000206,A1,20230528,5762659,0.4831,Y,D458,NOTE-81563
00000207,A98756,SAMPLE-A-0000207,B1,20251110,7655756,0.6191,Y,D980,NOTE-03060
00000208,A80151,SAMPLE-A-0000208,B2,20230617,1071215,0.2873,Y,D488,NOTE-60486
00000209,A28017,SAMPLE-A-0000209,A1,20250105,3719054,0.8600,N,D792,NOTE-12653
00000210,A00530,SAMPLE-A-0000210,C1,20231203,5725692,0.0639,Y,D208,NOTE-86750
00000211,A10263,SAMPLE-A-0000211,B2,20240612,8969108,0.3613,Y,D984,NOTE-51384
00000212,A67423,SAMPLE-A-0000212,C1,20240826,4588226,0.4428,N,D109,NOTE-19234
00000213,A12293,SAMPLE-A-0000213,A2,20230321,1874277,0.4501,Y,D169,NOTE-87252
00000214,A20989,SAMPLE-A-0000214,A2,20250626,5355249,0.1763,Y,D520,NOTE-97414
00000215,A66419,SAMPLE-A-0000215,B1,20230506,7895275,0.8602,N,D816,NOTE-34750
00000216,A89976,SAMPLE-A-0000216,C1,20250212,4084871,0.6256,N,D345,NOTE-12509
00000217,A84065,SAMPLE-A-0000217,B1,20240715,2425234,0.4145,Y,D999,NOTE-53903
00000218,A88357,SAMPLE-A-0000218,A1,20250311,9014724,0.9190,N,D455,NOTE-18526
00000219,A93104,SAMPLE-A-0000219,B2,20231222,2563098,0.4423,Y,D710,NOTE-75802
00000220,A40010,SAMPLE-A-0000220,A1,20250606,7761266,0.2323,Y,D870,NOTE-99349
00000221,A92572,SAMPLE-A-0000221,A1,20250319,5678919,0.8994,N,D734,NOTE-06861
00000222,A05614,SAMPLE-A-0000222,A1,20250417,8954038,0.2797,N,D933,NOTE-55760
00000223,A29493,SAMPLE-A-0000223,A2,20250515,0699201,0.3116,N,D955,NOTE-22017
00000224,A85254,SAMPLE-A-0000224,B1,20250911,9098703,0.9252,N,D582,NOTE-91760
00000225,A87011,SAMPLE-A-0000225,B2,20250825,6974394,0.9485,Y,D536,NOTE-67557
00000226,A35197,SAMPLE-A-0000226,A2,20240606,8540314,0.0722,N,D548,NOTE-68992
00000227,A28598,SAMPLE-A-0000227,A1,20240524,2676704,0.4714,Y,D682,NOTE-16885
00000228,A75543,SAMPLE-A-0000228,C1,20250615,7876144,0.4719,Y,D705,NOTE-58069
00000229,A00575,SAMPLE-A-0000229,C1,20250324,5458869,0.3734,N,D689,NOTE-02664
00000230,A35307,SAMPLE-A-0000230,B2,20240321,8562855,0.7326,N,D644,NOTE-05016
00000231,A38427,SAMPLE-A-0000231,B1,20231202,5847217,0.8248,N,D316,NOTE-70252
00000232,A67884,SAMPLE-A-0000232,A1,20240209,2668840,0.9827,N,D056,NOTE-56491
00000233,A05839,SAMPLE-A-0000233,C1,20240222,0255573,0.8850,N,D584,NOTE-49880
00000234,A45275,SAMPLE-A-0000234,B1,20250812,2454263,0.1188,Y,D067,NOTE-88246
00000235,A42783,SAMPLE-A-0000235,B2,20231115,5476718,0.9412,N,D027,NOTE-90542
00000236,A53847,SAMPLE-A-0000236,A2,20251113,0788394,0.4293,Y,D961,NOTE-96292
00000237,A60673,SAMPLE-A-0000237,A1,20250207,8410635,0.5583,Y,D434,NOTE-14586
00000238,A95527,SAMPLE-A-0000238,A1,20250120,2358477,0.4456,N,D974,NOTE-24164
00000239,A72631,SAMPLE-A-0000239,B1,20250409,4041061,0.5649,Y,D270,NOTE-91098
00000240,A18755,SAMPLE-A-0000240,B1,20230113,2783518,0.3175,Y,D770,NOTE-10494
00000241,A16087,SAMPLE-A-0000241,C1,20250721,0043947,0.4462,N,D738,NOTE-34646
00000242,A97902,SAMPLE-A-0000242,C1,20240710,1585261,0.6881,Y,D763,NOTE-44885
00000243,A69118,SAMPLE-A-0000243,B1,20250917,0623687,0.3560,N,D180,NOTE-10626
00000244,A13614,SAMPLE-A-0000244,A1,20240626,5839081,0.5586,N,D372,NOTE-77150
00000245,A86000,SAMPLE-A-0000245,B1,20230423,3558172,0.0675,Y,D891,NOTE-29202
00000246,A28291,SAMPLE-A-0000246,C1,20240421,7179373,0.0668,Y,D736,NOTE-61066
00000247,A63919,SAMPLE-A-0000247,B2,20230206,9252517,0.7229,Y,D416,NOTE-82941
00000248,A46578,SAMPLE-A-0000248,B2,20241108,5760263,0.6925,Y,D598,NOTE-48387
00000249,A99229,SAMPLE-A-0000249,A1,20231109,3841857,0.6263,Y,D027,NOTE-67379
00000250,A75612,SAMPLE-A-0000250,A2,20240823,5579266,0.8875,Y,D691,NOTE-30347
00000251,A89079,SAMPLE-A-0000251,A2,20240320,8627002,0.6849,Y,D599,NOTE-21957
00000252,A79655,SAMPLE-A-0000252,C1,20240426,4178592,0.3592,N,D308,NOTE-15976
00000253,A74195,SAMPLE-A-0000253,A2,20231116,6954677,0.5017,N,D581,NOTE-23335
00000254,A48682,SAMPLE-A-0000254,A2,20240923,0370946,0.6807,Y,D619,NOTE-93177
00000255,A66597,SAMPLE-A-0000255,C1,20250703,2517932,0.8118,N,D309,NOTE-77028
00000256,A87715,SAMPLE-A-0000256,B2,20250504,9128807,0.9213,Y,D494,NOTE-18131
00000257,A09133,SAMPLE-A-0000257,A1,20250906,6865252,0.0596,N,D450,NOTE-51200
00000258,A16621,SAMPLE-A-0000258,A2,20231204,8815682,0.8283,Y,D338,NOTE-37967
00000259,A85754,SAMPLE-A-0000259,A1,20230915,2059178,0.8066,N,D415,NOTE-46379
00000260,A34265,SAMPLE-A-0000260,B2,20230728,7543040,0.8344,N,D428,NOTE-57693
00000261,A43870,SAMPLE-A-0000261,B1,20230620,5492547,0.3641,Y,D224,NOTE-56356
00000262,A87091,SAMPLE-A-0000262,B2,20230502,8973392,0.2758,Y,D781,NOTE-12615
00000263,A58184,SAMPLE-A-0000263,B1,20240505,0410793,0.1831,Y,D741,NOTE-49219
00000264,A26173,SAMPLE-A-0000264,B1,20231204,7391518,0.1019,Y,D164,NOTE-00212
00000265,A20011,SAMPLE-A-0000265,B2,20231016,4859608,0.3421,Y,D536,NOTE-01612
00000266,A52833,SAMPLE-A-0000266,B1,20241015,2078992,0.9613,Y,D240,NOTE-02094
00000267,A96481,SAMPLE-A-0000267,A2,20240520,5461504,0.8923,Y,D315,NOTE-89370
00000268,A65763,SAMPLE-A-0000268,A2,20240222,0777170,0.6942,N,D269,NOTE-20000
00000269,A40400,SAMPLE-A-0000269,B1,20240610,8817605,0.1606,N,D466,NOTE-50471
00000270,A56815,SAMPLE-A-0000270,A2,20240305,1838757,0.2497,Y,D210,NOTE-19226
00000271,A14164,SAMPLE-A-0000271,B2,20250506,4174719,0.4616,N,D550,NOTE-20360
00000272,A58232,SAMPLE-A-0000272,B2,20230425,2121654,0.8424,N,D011,NOTE-47938
00000273,A15680,SAMPLE-A-0000273,B1,20250816,0269761,0.0633,Y,D351,NOTE-88437
00000274,A65881,SAMPLE-A-0000274,B1,20250726,1761969,0.6398,N,D887,NOTE-17797
00000275,A49505,SAMPLE-A-0000275,B1,20240108,4986886,0.1759,Y,D536,NOTE-24991
00000276,A65710,SAMPLE-A-0000276,A2,20251001,0573487,0.1530,N,D183,NOTE-15885
00000277,A76917,SAMPLE-A-0000277,A1,20230913,8930227,0.3210,N,D381,NOTE-25753
00000278,A24734,SAMPLE-A-0000278,A2,20230201,6921333,0.2245,Y,D984,NOTE-07252
00000279,A11736,SAMPLE-A-0000279,B2,20250501,8995183,0.0260,N,D006,NOTE-23000
00000280,A36286,SAMPLE-A-0000280,B1,20250323,5615951,0.9078,N,D766,NOTE-24894
00000281,A82200,SAMPLE-A-0000281,B1,20250602,3344378,0.5007,N,D714,NOTE-28987
00000282,A85877,SAMPLE-A-0000282,B2,20230309,5614718,0.7216,N,D677,NOTE-45226
00000283,A84502,SAMPLE-A-0000283,B2,20230711,9015828,0.6360,N,D032,NOTE-06262
00000284,A19926,SAMPLE-A-0000284,B2,20231016,4327976,0.2225,Y,D662,NOTE-47012
00000285,A24134,SAMPLE-A-0000285,B1,20240101,1681405,0.1712,N,D154,NOTE-30807
00000286,A01686,SAMPLE-A-0000286,B2,20230727,4988267,0.0604,N,D613,NOTE-19575
00000287,A91357,SAMPLE-A-0000287,C1,20250404,2266182,0.1085,Y,D976,NOTE-40207
00000288,A91117,SAMPLE-A-0000288,A1,20230104,5142661,0.1706,N,D161,NOTE-47898
00000289,A50807,SAMPLE-A-0000289,A1,20250712,3574705,0.0282,N,D255,NOTE-97612
00000290,A94440,SAMPLE-A-0000290,B1,20230211,0239415,0.6988,N,D153,NOTE-86230
00000291,A50033,SAMPLE-A-0000291,C1,20250902,3702829,0.9244,N,D125,NOTE-96852
00000292,A23096,SAMPLE-A-0000292,A1,20240310,8951672,0.1053,Y,D801,NOTE-04665
00000293,A20738,SAMPLE-A-0000293,A1,20240523,6517050,0.1623,Y,D897,NOTE-31532
00000294,A27029,SAMPLE-A-0000294,A2,20250126,0128140,0.1824,N,D502,NOTE-16837
00000295,A10502,SAMPLE-A-0000295,B1,20250407,1857316,0.9225,Y,D972,NOTE-18708
00000296,A22265,SAMPLE-A-0000296,B2,20240710,9235101,0.2625,Y,D481,NOTE-42811
00000297,A30867,SAMPLE-A-0000297,A1,20250127,6257994,0.0096,N,D858,NOTE-06851
00000298,A26859,SAMPLE-A-0000298,B1,20250609,8995048,0.5879,Y,D804,NOTE-50881
00000299,A80712,SAMPLE-A-0000299,A2,20251110,7042227,0.6421,N,D318,NOTE-58484
00000300,A40029,SAMPLE-A-0000300,A2,20250121,2364273,0.5732,N,D674,NOTE-64045
00000301,A13703,SAMPLE-A-0000301,A1,20241113,9985171,0.1613,Y,D510,NOTE-93344
00000302,A92459,SAMPLE-A-0000302,C1,20251025,3393296,0.8715,Y,D469,NOTE-77924
00000303,A51072,SAMPLE-A-0000303,A2,20240603,5622313,0.8594,Y,D815,NOTE-27040
00000304,A26371,SAMPLE-A-0000304,B2,20230205,3857830,0.0469,Y,D930,NOTE-55489
00000305,A52604,SAMPLE-A-0000305,A2,20231123,1602675,0.3916,N,D798,NOTE-95808
00000306,A68280,SAMPLE-A-0000306,C1,20240527,3151665,0.5123,Y,D359,NOTE-97725
00000307,A15592,SAMPLE-A-0000307,C1,20240711,6632569,0.3449,Y,D630,NOTE-58825
00000308,A86196,SAMPLE-A-0000308,C1,20240817,1882015,0.3728,N,D952,NOTE-98471
00000309,A34006,SAMPLE-A-0000309,B2,20250903,9577489,0.7281,Y,D909,NOTE-43933
00000310,A32724,SAMPLE-A-0000310,C1,20230802,3705566,0.5679,Y,D108,NOTE-50070
00000311,A17619,SAMPLE-A-0000311,B2,20240626,0311403,0.6846,N,D833,NOTE-12638
00000312,A18559,SAMPLE-A-0000312,A2,20240102,2302908,0.4188,N,D731,NOTE-36883
00000313,A16674,SAMPLE-A-0000313,A2,20251208,4892553,0.7749,Y,D866,NOTE-96247
00000314,A30078,SAMPLE-A-0000314,A2,20250719,6646857,0.0346,N,D936,NOTE-57678
00000315,A42497,SAMPLE-A-0000315,B1,20240506,0200383,0.2435,Y,D440,NOTE-83435
00000316,A26517,SAMPLE-A-0000316,B1,20250605,5653727,0.9255,Y,D989,NOTE-87903
00000317,A87071,SAMPLE-A-0000317,C1,20230914,3555236,0.4798,N,D774,NOTE-93271
00000318,A03775,SAMPLE-A-0000318,B2,20250402,6576355,0.5705,N,D491,NOTE-62105
00000319,A38260,SAMPLE-A-0000319,B1,20230711,9044253,0.4992,N,D336,NOTE-47153
00000320,A22807,SAMPLE-A-0000320,B2,20250928,6721780,0.0672,N,D312,NOTE-59600
00000321,A60431,SAMPLE-A-0000321,B2,20250417,5007215,0.2113,Y,D739,NOTE-34905
00000322,A72811,SAMPLE-A-0000322,C1,20251101,6761535,0.1846,N,D778,NOTE-33078
00000323,A19378,SAMPLE-A-0000323,C1,20230809,9857365,0.2150,Y,D194,NOTE-82528
00000324,A10542,SAMPLE-A-0000324,A2,20250209,5310733,0.1219,Y,D588,NOTE-19611
00000325,A87465,SAMPLE-A-0000325,C1,20250307,8177844,0.2770,N,D316,NOTE-68729
00000326,A32284,SAMPLE-A-0000326,B2,20230104,1552295,0.6762,N,D254,NOTE-61917
00000327,A49282,SAMPLE-A-0000327,A2,20240123,3732638,0.1747,N,D316,NOTE-66039
00000328,A50444,SAMPLE-A-0000328,A1,20230528,0232285,0.7487,Y,D969,NOTE-30939
00000329,A60376,SAMPLE-A-0000329,B2,20230505,8198073,0.9014,N,D884,NOTE-02572
00000330,A77295,SAMPLE-A-0000330,A1,20251212,9690779,0.5257,Y,D483,NOTE-26915
00000331,A92084,SAMPLE-A-0000331,C1,20231102,3621907,0.7056,N,D633,NOTE-03397
00000332,A81543,SAMPLE-A-0000332,B2,20241013,9173845,0.6473,Y,D894,NOTE-14789
00000333,A93846,SAMPLE-A-0000333,A1,20231203,6566392,0.7131,Y,D113,NOTE-05221
00000334,A98369,SAMPLE-A-0000334,A2,20250109,5014012,0.6468,N,D422,NOTE-89621
00000335,A35869,SAMPLE-A-0000335,B1,20251204,7005284,0.0517,Y,D843,NOTE-66783
00000336,A17102,SAMPLE-A-0000336,A1,20241019,9883714,0.3091,Y,D598,NOTE-88201
00000337,A94523,SAMPLE-A-0000337,B1,20250714,2961074,0.7026,N,D599,NOTE-55682
00000338,A03703,SAMPLE-A-0000338,C1,20241110,4833636,0.8885,Y,D876,NOTE-93476
00000339,A94304,SAMPLE-A-0000339,C1,20250908,8444635,0.4628,N,D611,NOTE-88757
00000340,A84473,SAMPLE-A-0000340,A1,20230502,3793174,0.8598,N,D349,NOTE-74217
00000341,A65537,SAMPLE-A-0000341,A1,20250620,1248265,0.6623,Y,D396,NOTE-27179
00000342,A33655,SAMPLE-A-0000342,B2,20231113,5129626,0.8792,Y,D264,NOTE-27446
00000343,A13432,SAMPLE-A-0000343,B1,20251211,6879314,0.2705,Y,D351,NOTE-15542
00000344,A67048,SAMPLE-A-0000344,A1,20231006,3974508,0.3833,Y,D823,NOTE-77177
00000345,A02484,SAMPLE-A-0000345,C1,20231201,1142822,0.6811,Y,D202,NOTE-76400
00000346,A02332,SAMPLE-A-0000346,A1,20230715,8236089,0.5711,Y,D933,NOTE-57077
00000347,A12934,SAMPLE-A-0000347,A2,20231006,1674866,0.0557,Y,D603,NOTE-73986
00000348,A80172,SAMPLE-A-0000348,A1,20250913,7094559,0.3388,N,D881,NOTE-00621
00000349,A31380,SAMPLE-A-0000349,A1,20241226,4593362,0.2148,N,D049,NOTE-05711
00000350,A67325,SAMPLE-A-0000350,B2,20230813,8254574,0.7315,Y,D836,NOTE-53285
00000351,A71034,SAMPLE-A-0000351,A1,20240224,9836840,0.7722,N,D029,NOTE-46506
00000352,A72962,SAMPLE-A-0000352,A2,20240306,8570211,0.5918,N,D698,NOTE-98480
00000353,A97358,SAMPLE-A-0000353,B2,20250227,6352158,0.1527,Y,D159,NOTE-12800
00000354,A73320,SAMPLE-A-0000354,C1,20241220,8307714,0.1960,N,D948,NOTE-31633
00000355,A25110,SAMPLE-A-0000355,B1,20240709,1262152,0.1697,Y,D653,NOTE-58055
00000356,A07865,SAMPLE-A-0000356,B1,20240327,7020956,0.2152,N,D049,NOTE-34427
00000357,A42740,SAMPLE-A-0000357,C1,20240802,4180833,0.9304,N,D176,NOTE-92603
00000358,A75571,SAMPLE-A-0000358,A2,20240518,8438924,0.4215,Y,D459,NOTE-94053
00000359,A33889,SAMPLE-A-0000359,A2,20240620,4893753,0.2406,N,D862,NOTE-19613
00000360,A86693,SAMPLE-A-0000360,B1,20230328,1808413,0.4324,N,D332,NOTE-09514
00000361,A61505,SAMPLE-A-0000361,B1,20230607,9615655,0.2845,Y,D476,NOTE-22632
00000362,A76157,SAMPLE-A-0000362,B2,20240225,1382280,0.7634,N,D245,NOTE-94541
00000363,A30978,SAMPLE-A-0000363,A2,20230409,5181662,0.6090,N,D266,NOTE-78173
00000364,A04390,SAMPLE-A-0000364,C1,20230802,0522126,0.6959,Y,D066,NOTE-55552
00000365,A97361,SAMPLE-A-0000365,C1,20230602,8296610,0.6182,N,D606,NOTE-79046
00000366,A80834,SAMPLE-A-0000366,C1,20240206,1268501,0.7326,N,D631,NOTE-00601
00000367,A61514,SAMPLE-A-0000367,A2,20240924,2894845,0.8895,Y,D320,NOTE-62231
00000368,A36885,SAMPLE-A-0000368,B1,20230724,1330131,0.0984,N,D947,NOTE-24934
00000369,A14679,SAMPLE-A-0000369,A1,20241209,8958110,0.4824,N,D292,NOTE-85104
00000370,A15804,SAMPLE-A-0000370,A2,20240107,1494734,0.3118,N,D555,NOTE-69733
00000371,A70491,SAMPLE-A-0000371,B1,20240203,9735510,0.1470,N,D558,NOTE-52411
00000372,A41191,SAMPLE-A-0000372,A1,20240918,5076094,0.5435,Y,D494,NOTE-46372
00000373,A02474,SAMPLE-A-0000373,C1,20230603,2916995,0.4325,Y,D566,NOTE-72311
00000374,A10178,SAMPLE-A-0000374,C1,20230916,6420565,0.5474,N,D811,NOTE-32110
00000375,A85109,SAMPLE-A-0000375,B2,20250224,8432909,0.0219,Y,D365,NOTE-57535
00000376,A11966,SAMPLE-A-0000376,A2,20231221,5101323,0.3879,Y,D644,NOTE-02908
00000377,A09492,SAMPLE-A-0000377,A1,20240614,2548376,0.5182,N,D921,NOTE-54743
00000378,A89101,SAMPLE-A-0000378,B1,20250412,4290906,0.9041,Y,D666,NOTE-42816
00000379,A68533,SAMPLE-A-0000379,B2,20240401,8589002,0.3943,N,D940,NOTE-87957
00000380,A06606,SAMPLE-A-0000380,C1,20230527,2987268,0.7666,N,D740,NOTE-62362
00000381,A99358,SAMPLE-A-0000381,B2,20251018,6196617,0.8163,Y,D783,NOTE-33197
00000382,A38833,SAMPLE-A-0000382,B2,20230215,9740761,0.7485,Y,D811,NOTE-33173
00000383,A02041,SAMPLE-A-0000383,C1,20240805,1499683,0.3517,Y,D166,NOTE-55500
00000384,A33693,SAMPLE-A-0000384,B2,20251121,8321340,0.1222,N,D336,NOTE-30873
00000385,A23574,SAMPLE-A-0000385,A1,20230511,5973224,0.7534,N,D459,NOTE-29717
00000386,A67696,SAMPLE-A-0000386,B1,20250408,7796683,0.5904,Y,D857,NOTE-18775
00000387,A58242,SAMPLE-A-0000387,A1,20250925,1398994,0.5320,N,D729,NOTE-99429
00000388,A79252,SAMPLE-A-0000388,A1,20250412,6903701,0.3169,Y,D521,NOTE-30501
00000389,A53752,SAMPLE-A-0000389,A2,20240526,4735399,0.9603,Y,D622,NOTE-94905
00000390,A73315,SAMPLE-A-0000390,B2,20250119,7559896,0.5116,N,D344,NOTE-54891
00000391,A27510,SAMPLE-A-0000391,A2,20251218,0267985,0.6381,Y,D452,NOTE-42180
00000392,A72787,SAMPLE-A-0000392,A1,20240322,6267026,0.9629,Y,D453,NOTE-18886
00000393,A13412,SAMPLE-A-0000393,A1,20240827,4736495,0.6388,N,D405,NOTE-91451
00000394,A52153,SAMPLE-A-0000394,B1,20251025,1256352,0.5915,Y,D426,NOTE-82311
00000395,A13593,SAMPLE-A-0000395,B2,20230101,4670616,0.4961,Y,D678,NOTE-64773
00000396,A35048,SAMPLE-A-0000396,A2,20230311,0256862,0.7448,N,D571,NOTE-67784
00000397,A47095,SAMPLE-A-0000397,B1,20241211,7608128,0.3177,Y,D896,NOTE-33641
00000398,A49233,SAMPLE-A-0000398,A2,20251002,1564205,0.2391,Y,D266,NOTE-86049
00000399,A91494,SAMPLE-A-0000399,C1,20240211,3056407,0.1366,Y,D709,NOTE-97317
00000400,A62643,SAMPLE-A-0000400,A2,20240321,1483659,0.9217,Y,D595,NOTE-58834
00000401,A26146,SAMPLE-A-0000401,A1,20250901,8963047,0.3904,Y,D129,NOTE-03630
00000402,A67521,SAMPLE-A-0000402,C1,20231213,0844310,0.9799,Y,D068,NOTE-32718
00000403,A74351,SAMPLE-A-0000403,B1,20251214,4978766,0.7957,Y,D441,NOTE-12417
00000404,A72837,SAMPLE-A-0000404,A2,20250514,0361228,0.5668,N,D828,NOTE-21560
00000405,A62476,SAMPLE-A-0000405,A1,20230716,7791422,0.1309,Y,D562,NOTE-31804
00000406,A63548,SAMPLE-A-0000406,B1,20230823,6164509,0.3323,Y,D920,NOTE-81974
00000407,A58747,SAMPLE-A-0000407,B2,20240206,7938263,0.6450,N,D842,NOTE-36215
00000408,A12618,SAMPLE-A-0000408,C1,20241228,5025203,0.4744,N,D617,NOTE-30942
00000409,A55964,SAMPLE-A-0000409,B2,20251209,2718254,0.4457,Y,D862,NOTE-30394
00000410,A95243,SAMPLE-A-0000410,A2,20241016,4795118,0.5102,N,D818,NOTE-20804
00000411,A44048,SAMPLE-A-0000411,B2,20230823,7693411,0.3535,Y,D586,NOTE-22250
00000412,A36828,SAMPLE-A-0000412,A1,20240521,3148748,0.4235,Y,D595,NOTE-95670
00000413,A91626,SAMPLE-A-0000413,B2,20250317,0653201,0.7066,N,D474,NOTE-05947
00000414,A91781,SAMPLE-A-0000414,A2,20250403,4820771,0.3317,N,D735,NOTE-84567
00000415,A39811,SAMPLE-A-0000415,B2,20230315,1504989,0.5284,N,D715,NOTE-09137
00000416,A53199,SAMPLE-A-0000416,A1,20250504,5137817,0.2028,N,D583,NOTE-83206
00000417,A30069,SAMPLE-A-0000417,A2,20231010,2372116,0.1093,Y,D505,NOTE-75783
00000418,A26509,SAMPLE-A-0000418,A2,20230513,9349190,0.0314,N,D792,NOTE-62352
00000419,A70463,SAMPLE-A-0000419,A1,20240502,2846861,0.9666,Y,D996,NOTE-35662
00000420,A57651,SAMPLE-A-0000420,A2,20240121,8293708,0.2391,Y,D112,NOTE-80510
00000421,A55577,SAMPLE-A-0000421,C1,20250314,5739745,0.6638,N,D364,NOTE-05954
00000422,A93359,SAMPLE-A-0000422,A2,20230109,9506899,0.1446,N,D264,NOTE-23049
00000423,A86506,SAMPLE-A-0000423,B2,20230418,0936108,0.0551,N,D862,NOTE-08012
00000424,A48861,SAMPLE-A-0000424,C1,20240223,7924993,0.1563,Y,D378,NOTE-31468
00000425,A25620,SAMPLE-A-0000425,A2,20230522,6151070,0.8506,N,D903,NOTE-69839
00000426,A41757,SAMPLE-A-0000426,B1,20231013,7842432,0.8861,Y,D263,NOTE-84216
00000427,A17439,SAMPLE-A-0000427,A1,20240819,6281770,0.8252,N,D798,NOTE-67166
00000428,A46823,SAMPLE-A-0000428,B2,20240226,1573333,0.7870,Y,D737,NOTE-75972
00000429,A50546,SAMPLE-A-0000429,B2,20240523,9355047,0.3543,Y,D253,NOTE-65000
00000430,A92180,SAMPLE-A-0000430,C1,20250912,2901481,0.9984,N,D609,NOTE-55105
00000431,A74931,SAMPLE-A-0000431,C1,20240304,4438209,0.3193,Y,D735,NOTE-73446
00000432,A39068,SAMPLE-A-0000432,A2,20230413,2937818,0.7423,Y,D560,NOTE-36487
00000433,A97286,SAMPLE-A-0000433,A2,20240211,0843479,0.9590,N,D073,NOTE-99605
00000434,A10304,SAMPLE-A-0000434,C1,20241101,2527641,0.7065,Y,D351,NOTE-57158
00000435,A55060,SAMPLE-A-0000435,C1,20241201,6394368,0.4448,N,D708,NOTE-24520
00000436,A96366,SAMPLE-A-0000436,A1,20250302,1094451,0.1018,N,D509,NOTE-44495
00000437,A88183,SAMPLE-A-0000437,B1,20240127,9468661,0.6843,Y,D179,NOTE-39578
00000438,A40900,SAMPLE-A-0000438,A1,20241213,2422086,0.3508,Y,D025,NOTE-40763
00000439,A29593,SAMPLE-A-0000439,B1,20240303,9515345,0.5701,Y,D455,NOTE-52248
00000440,A40580,SAMPLE-A-0000440,A2,20251221,1137473,0.5957,Y,D455,NOTE-57893
00000441,A52537,SAMPLE-A-0000441,A1,20240507,4131549,0.6703,Y,D676,NOTE-01374
00000442,A42388,SAMPLE-A-0000442,C1,20240404,5857182,0.7907,N,D233,NOTE-89445
00000443,A15449,SAMPLE-A-0000443,A2,20241104,9534678,0.7721,Y,D459,NOTE-32822
00000444,A76340,SAMPLE-A-0000444,B1,20250507,4586828,0.7504,N,D902,NOTE-07012
00000445,A71172,SAMPLE-A-0000445,A2,20230709,2206208,0.1456,N,D457,NOTE-41463
00000446,A04226,SAMPLE-A-0000446,A2,20240504,6277067,0.1599,Y,D854,NOTE-28768
00000447,A90344,SAMPLE-A-0000447,A2,20240217,8049813,0.8782,N,D865,NOTE-04376
00000448,A67605,SAMPLE-A-0000448,B1,20250426,6462792,0.6346,N,D770,NOTE-56676
00000449,A70264,SAMPLE-A-0000449,B1,20251014,4112115,0.2123,Y,D309,NOTE-43697
00000450,A56652,SAMPLE-A-0000450,B2,20230310,5477351,0.1756,N,D635,NOTE-40412
00000451,A11423,SAMPLE-A-0000451,A2,20241113,9721084,0.6653,Y,D124,NOTE-58208
00000452,A89660,SAMPLE-A-0000452,B1,20251203,4190601,0.5725,N,D057,NOTE-42942
00000453,A32771,SAMPLE-A-0000453,C1,20250110,7286688,0.3124,N,D292,NOTE-04147
00000454,A99355,SAMPLE-A-0000454,B2,20250201,0895564,0.4563,Y,D461,NOTE-01385
00000455,A95338,SAMPLE-A-0000455,B2,20240605,2677542,0.5434,N,D591,NOTE-74870
00000456,A49369,SAMPLE-A-0000456,C1,20250118,9756545,0.4208,N,D014,NOTE-69821
00000457,A99319,SAMPLE-A-0000457,B1,20251211,7058252,0.8161,N,D081,NOTE-83494
00000458,A31723,SAMPLE-A-0000458,B2,20240216,9528364,0.4134,N,D327,NOTE-57283
00000459,A09648,SAMPLE-A-0000459,B1,20250725,2564291,0.1974,N,D199,NOTE-99418
00000460,A35182,SAMPLE-A-0000460,A1,20250213,8144090,0.7507,Y,D718,NOTE-96056
00000461,A42926,SAMPLE-A-0000461,A2,20240728,5392207,0.4482,N,D061,NOTE-52906
00000462,A73295,SAMPLE-A-0000462,B1,20240207,4193044,0.0906,N,D486,NOTE-17805
00000463,A82050,SAMPLE-A-0000463,B1,20230417,6147564,0.2259,Y,D135,NOTE-53920
00000464,A87982,SAMPLE-A-0000464,B1,20240824,9871287,0.9668,N,D060,NOTE-16111
00000465,A62174,SAMPLE-A-0000465,C1,20240404,2127894,0.2604,N,D978,NOTE-10369
00000466,A48284,SAMPLE-A-0000466,B2,20230801,3951381,0.0114,Y,D416,NOTE-66238
00000467,A37967,SAMPLE-A-0000467,B2,20230123,7711163,0.1866,N,D626,NOTE-13423
00000468,A66712,SAMPLE-A-0000468,B2,20240909,2762667,0.2159,Y,D196,NOTE-88204
00000469,A71997,SAMPLE-A-0000469,A1,20251225,0626197,0.1697,Y,D913,NOTE-82434
00000470,A46516,SAMPLE-A-0000470,B1,20251111,4238082,0.2654,N,D786,NOTE-59768
00000471,A92664,SAMPLE-A-0000471,B1,20231206,5538298,0.6783,Y,D474,NOTE-75266
00000472,A54380,SAMPLE-A-0000472,C1,20240114,2525104,0.0371,Y,D617,NOTE-35850
00000473,A75851,SAMPLE-A-0000473,A2,20240210,0106141,0.2946,N,D122,NOTE-22135
00000474,A34677,SAMPLE-A-0000474,B1,20240328,7474897,0.7653,Y,D838,NOTE-96591
00000475,A60094,SAMPLE-A-0000475,A1,20241218,0988354,0.3811,N,D269,NOTE-05774
00000476,A52117,SAMPLE-A-0000476,B2,20230927,6174851,0.4742,N,D351,NOTE-14530
00000477,A93409,SAMPLE-A-0000477,B2,20240112,4096614,0.2543,Y,D370,NOTE-03672
00000478,A34756,SAMPLE-A-0000478,C1,20230605,7634566,0.8937,Y,D046,NOTE-91552
00000479,A02646,SAMPLE-A-0000479,B1,20250925,9564479,0.3808,Y,D828,NOTE-11386
00000480,A14781,SAMPLE-A-0000480,A2,20240117,7800056,0.3703,Y,D390,NOTE-03991
00000481,A42738,SAMPLE-A-0000481,C1,20230507,5185445,0.5582,Y,D243,NOTE-53042
00000482,A86572,SAMPLE-A-0000482,A1,20241127,6996551,0.0049,Y,D569,NOTE-84501
00000483,A35667,SAMPLE-A-0000483,A2,20230825,0382136,0.2199,Y,D637,NOTE-09601
00000484,A32974,SAMPLE-A-0000484,B1,20240205,5827825,0.2162,N,D146,NOTE-83133
00000485,A40342,SAMPLE-A-0000485,A1,20250311,4207236,0.7971,Y,D415,NOTE-78937
00000486,A23238,SAMPLE-A-0000486,B2,20241108,7286804,0.5181,Y,D935,NOTE-07948
00000487,A73096,SAMPLE-A-0000487,B2,20250527,4257697,0.2860,N,D075,NOTE-92567
00000488,A30928,SAMPLE-A-0000488,A2,20250702,1015937,0.4478,N,D766,NOTE-15296
00000489,A74618,SAMPLE-A-0000489,B2,20231212,8739771,0.6983,Y,D931,NOTE-17324
00000490,A16309,SAMPLE-A-0000490,B2,20241208,0752224,0.0936,N,D241,NOTE-73609
00000491,A56756,SAMPLE-A-0000491,A1,20241106,3881013,0.1889,Y,D438,NOTE-68162
00000492,A12744,SAMPLE-A-0000492,C1,20241101,9727641,0.6025,Y,D006,NOTE-37286
00000493,A74418,SAMPLE-A-0000493,A2,20250909,6808414,0.7672,N,D762,NOTE-57094
00000494,A52681,SAMPLE-A-0000494,A1,20230828,0252845,0.2439,N,D520,NOTE-81303
00000495,A26823,SAMPLE-A-0000495,A2,20230513,2789460,0.9862,N,D388,NOTE-65416
00000496,A30806,SAMPLE-A-0000496,A1,20240606,1192039,0.7330,N,D975,NOTE-97331
00000497,A81222,SAMPLE-A-0000497,A1,20251012,8720641,0.4243,Y,D177,NOTE-21772
00000498,A28413,SAMPLE-A-0000498,A2,20231102,0338742,0.4084,N,D010,NOTE-22316
00000499,A21891,SAMPLE-A-0000499,B2,20240301,8965598,0.0532,Y,D638,NOTE-54101
00000500,A15386,SAMPLE-A-0000500,A1,20240713,4351514,0.3173,Y,D934,NOTE-92842
00000501,A71394,SAMPLE-A-0000501,B2,20230720,2023375,0.8220,N,D002,NOTE-48911
00000502,A81976,SAMPLE-A-0000502,A2,20250104,5396669,0.2104,N,D592,NOTE-79861
00000503,A66070,SAMPLE-A-0000503,C1,20251223,7150964,0.5985,N,D908,NOTE-59539
00000504,A94120,SAMPLE-A-0000504,C1,20230315,4504239,0.9353,Y,D202,NOTE-08124
00000505,A17269,SAMPLE-A-0000505,A1,20230312,1651724,0.2104,N,D529,NOTE-95284
00000506,A80043,SAMPLE-A-0000506,C1,20251012,4257610,0.2975,Y,D784,NOTE-97922
00000507,A83760,SAMPLE-A-0000507,A1,20230124,7434337,0.8222,N,D244,NOTE-57132
00000508,A67798,SAMPLE-A-0000508,B2,20240409,2856944,0.2028,Y,D019,NOTE-34840
00000509,A00057,SAMPLE-A-0000509,A1,20231020,5376981,0.1461,Y,D309,NOTE-81650
00000510,A84893,SAMPLE-A-0000510,B1,20230126,8795218,0.5026,N,D201,NOTE-72390
00000511,A20642,SAMPLE-A-0000511,B1,20250228,0885131,0.9163,Y,D489,NOTE-82288
00000512,A20791,SAMPLE-A-0000512,C1,20241216,7544976,0.0280,N,D394,NOTE-45159
00000513,A98936,SAMPLE-A-0000513,B2,20251209,5154427,0.2009,Y,D270,NOTE-73330
00000514,A41750,SAMPLE-A-0000514,A1,20240611,7052651,0.7278,N,D316,NOTE-85504
00000515,A47651,SAMPLE-A-0000515,B1,20240525,0803970,0.2590,N,D550,NOTE-03138
00000516,A59402,SAMPLE-A-0000516,B2,20230410,5716489,0.0875,Y,D269,NOTE-19527
00000517,A54762,SAMPLE-A-0000517,A2,20240325,3428366,0.5402,N,D759,NOTE-43706
00000518,A71464,SAMPLE-A-0000518,B1,20230114,7462400,0.0482,N,D130,NOTE-92884
00000519,A52632,SAMPLE-A-0000519,A2,20250212,9220312,0.5099,N,D109,NOTE-63705
00000520,A87172,SAMPLE-A-0000520,A2,20240224,6261174,0.5367,Y,D078,NOTE-41348
00000521,A54650,SAMPLE-A-0000521,B2,20230515,3584131,0.6814,N,D934,NOTE-05022
00000522,A86000,SAMPLE-A-0000522,C1,20241127,0620088,0.5553,Y,D883,NOTE-55076
00000523,A11122,SAMPLE-A-0000523,B2,20250516,4166479,0.3624,N,D049,NOTE-34770
00000524,A21968,SAMPLE-A-0000524,A2,20230118,9203041,0.6674,N,D373,NOTE-42397
00000525,A98466,SAMPLE-A-0000525,B2,20250228,6984468,0.9827,Y,D656,NOTE-04593
00000526,A78066,SAMPLE-A-0000526,B1,20240425,0243142,0.1820,N,D821,NOTE-65750
00000527,A56252,SAMPLE-A-0000527,A2,20230623,2125486,0.7581,Y,D866,NOTE-14319
00000528,A26415,SAMPLE-A-0000528,A2,20230418,0814847,0.3515,Y,D298,NOTE-79642
00000529,A58828,SAMPLE-A-0000529,B2,20241022,8203083,0.9898,N,D285,NOTE-16836
00000530,A32750,SAMPLE-A-0000530,B2,20230203,0733630,0.1213,Y,D698,NOTE-14204
00000531,A64017,SAMPLE-A-0000531,A1,20241220,3689141,0.9180,N,D505,NOTE-66678
00000532,A95260,SAMPLE-A-0000532,A1,20230123,9313567,0.2078,N,D903,NOTE-83932
00000533,A78339,SAMPLE-A-0000533,B1,20230428,6640322,0.6631,Y,D315,NOTE-86574
00000534,A06578,SAMPLE-A-0000534,C1,20250523,5395269,0.0033,Y,D417,NOTE-78848
00000535,A50179,SAMPLE-A-0000535,C1,20251221,7137278,0.4681,Y,D163,NOTE-85392
00000536,A24114,SAMPLE-A-0000536,A1,20250404,4108279,0.9633,Y,D430,NOTE-84210
00000537,A37012,SAMPLE-A-0000537,A1,20230425,1697442,0.9571,Y,D756,NOTE-75613
00000538,A81916,SAMPLE-A-0000538,B1,20250101,3513219,0.1607,N,D285,NOTE-18742
00000539,A15629,SAMPLE-A-0000539,B2,20240325,7555131,0.8245,Y,D968,NOTE-93945
00000540,A98365,SAMPLE-A-0000540,A2,20250919,2225977,0.5076,N,D746,NOTE-56844
00000541,A81004,SAMPLE-A-0000541,C1,20230315,0622237,0.3228,N,D240,NOTE-59079
00000542,A65423,SAMPLE-A-0000542,B1,20250215,3668920,0.3019,Y,D028,NOTE-55494
00000543,A80922,SAMPLE-A-0000543,B2,20230528,0648005,0.0658,N,D383,NOTE-56379
00000544,A37827,SAMPLE-A-0000544,B1,20240709,3826733,0.2486,N,D533,NOTE-93025
00000545,A82619,SAMPLE-A-0000545,C1,20250622,1220248,0.0751,Y,D699,NOTE-17565
00000546,A39987,SAMPLE-A-0000546,A2,20231123,8563982,0.2272,N,D027,NOTE-03388
00000547,A43143,SAMPLE-A-0000547,A2,20231017,2174708,0.9049,Y,D444,NOTE-84808
00000548,A06357,SAMPLE-A-0000548,B2,20230615,7425208,0.6721,Y,D343,NOTE-49287
00000549,A92886,SAMPLE-A-0000549,A1,20250113,5244557,0.4992,N,D183,NOTE-01278
00000550,A42058,SAMPLE-A-0000550,A1,20250222,8355800,0.2719,Y,D277,NOTE-44111
00000551,A54360,SAMPLE-A-0000551,C1,20250705,0822035,0.6158,N,D916,NOTE-40100
00000552,A84667,SAMPLE-A-0000552,C1,20240810,7593846,0.6876,N,D651,NOTE-19407
00000553,A24134,SAMPLE-A-0000553,C1,20240307,5270321,0.0068,N,D328,NOTE-10365
00000554,A72831,SAMPLE-A-0000554,A1,20240108,6774225,0.6858,N,D810,NOTE-11184
00000555,A98396,SAMPLE-A-0000555,C1,20230915,5491194,0.1266,N,D641,NOTE-45960
00000556,A59792,SAMPLE-A-0000556,A1,20231205,0794714,0.8439,Y,D061,NOTE-14523
00000557,A33467,SAMPLE-A-0000557,B2,20250421,8442206,0.2478,N,D397,NOTE-64400
00000558,A10256,SAMPLE-A-0000558,C1,20240625,1823857,0.5174,N,D465,NOTE-80408
00000559,A80459,SAMPLE-A-0000559,C1,20250604,3839769,0.4039,Y,D711,NOTE-88840
00000560,A51350,SAMPLE-A-0000560,A2,20230309,2266734,0.3200,N,D976,NOTE-85622
00000561,A10214,SAMPLE-A-0000561,B1,20250925,9754570,0.9920,N,D864,NOTE-76688
00000562,A15560,SAMPLE-A-0000562,B1,20250609,1919098,0.0902,Y,D291,NOTE-59409
00000563,A68465,SAMPLE-A-0000563,A2,20240209,5533072,0.8246,N,D954,NOTE-39265
00000564,A95366,SAMPLE-A-0000564,A2,20251007,0844872,0.5283,Y,D301,NOTE-56378
00000565,A11340,SAMPLE-A-0000565,A1,20230621,8059201,0.2365,Y,D972,NOTE-80153
00000566,A21408,SAMPLE-A-0000566,B1,20230501,1415087,0.3210,N,D447,NOTE-53020
00000567,A43680,SAMPLE-A-0000567,A1,20230802,8726457,0.6787,Y,D656,NOTE-26202
00000568,A41909,SAMPLE-A-0000568,A2,20230421,0998117,0.1727,Y,D697,NOTE-89059
00000569,A93427,SAMPLE-A-0000569,C1,20240223,3350100,0.0118,N,D809,NOTE-35111
00000570,A34128,SAMPLE-A-0000570,B1,20240323,5357334,0.1161,Y,D214,NOTE-85282
00000571,A55889,SAMPLE-A-0000571,B1,20250915,8484966,0.0031,Y,D563,NOTE-69281
00000572,A21951,SAMPLE-A-0000572,B1,20240624,3940272,0.7706,N,D240,NOTE-55707
00000573,A89012,SAMPLE-A-0000573,A2,20250301,1976915,0.1883,Y,D517,NOTE-07523
00000574,A14023,SAMPLE-A-0000574,B2,20231027,5378883,0.6741,Y,D135,NOTE-03738
00000575,A80345,SAMPLE-A-0000575,B1,20241220,6739949,0.3796,Y,D428,NOTE-16893
00000576,A84170,SAMPLE-A-0000576,A2,20231214,5163165,0.1843,Y,D257,NOTE-31301
00000577,A05660,SAMPLE-A-0000577,B2,20230127,2938522,0.4421,Y,D254,NOTE-57539
00000578,A69693,SAMPLE-A-0000578,A2,20250723,5473004,0.3589,Y,D184,NOTE-11358
00000579,A65225,SAMPLE-A-0000579,B2,20240506,8601692,0.2419,Y,D533,NOTE-34551
00000580,A58556,SAMPLE-A-0000580,A1,20230927,4052894,0.9382,N,D362,NOTE-30699
00000581,A40157,SAMPLE-A-0000581,A1,20230525,6535171,0.5983,Y,D565,NOTE-48393
00000582,A16081,SAMPLE-A-0000582,C1,20250815,9999699,0.6393,Y,D025,NOTE-92526
00000583,A37714,SAMPLE-A-0000583,C1,20240818,2015918,0.9152,N,D086,NOTE-51090
00000584,A96355,SAMPLE-A-0000584,B2,20230914,8974629,0.7498,N,D852,NOTE-58387
00000585,A73427,SAMPLE-A-0000585,A1,20251022,6426592,0.9787,Y,D677,NOTE-14061
00000586,A85754,SAMPLE-A-0000586,A2,20230727,8090820,0.3756,N,D870,NOTE-49207
00000587,A92228,SAMPLE-A-0000587,B2,20250418,1504058,0.5117,Y,D458,NOTE-46146
00000588,A22091,SAMPLE-A-0000588,A1,20241116,6819974,0.7213,Y,D880,NOTE-68649
00000589,A29468,SAMPLE-A-0000589,A1,20241218,5357243,0.5908,N,D385,NOTE-14072
00000590,A01913,SAMPLE-A-0000590,B2,20240106,3405484,0.3504,N,D500,NOTE-86335
00000591,A60055,SAMPLE-A-0000591,B2,20250716,5250435,0.9466,N,D666,NOTE-65737
00000592,A38213,SAMPLE-A-0000592,A1,20230901,8697131,0.4286,N,D351,NOTE-68369
00000593,A02057,SAMPLE-A-0000593,C1,20230819,1377209,0.7303,Y,D832,NOTE-18455
00000594,A78594,SAMPLE-A-0000594,B2,20240823,3303229,0.2760,N,D999,NOTE-29706
00000595,A20052,SAMPLE-A-0000595,B1,20241114,6660163,0.6464,N,D936,NOTE-58598
00000596,A44980,SAMPLE-A-0000596,A1,20250418,2164215,0.0137,Y,D916,NOTE-61301
00000597,A31638,SAMPLE-A-0000597,B1,20230409,9973819,0.7720,N,D835,NOTE-54362
00000598,A63589,SAMPLE-A-0000598,C1,20241217,2929322,0.7092,N,D910,NOTE-55389
00000599,A91206,SAMPLE-A-0000599,A2,20240720,5537186,0.1029,N,D483,NOTE-76931
00000600,A68036,SAMPLE-A-0000600,C1,20231106,1659460,0.1077,Y,D289,NOTE-06824
00000601,A47843,SAMPLE-A-0000601,C1,20241202,9870256,0.2140,N,D697,NOTE-15627
00000602,A46683,SAMPLE-A-0000602,A1,20230428,6674817,0.1875,Y,D043,NOTE-74794
00000603,A04091,SAMPLE-A-0000603,A2,20230504,0088921,0.1274,N,D109,NOTE-53239
00000604,A65303,SAMPLE-A-0000604,B1,20250908,5388335,0.3008,N,D762,NOTE-55738
00000605,A01100,SAMPLE-A-0000605,C1,20240721,3271682,0.1889,Y,D926,NOTE-82749
00000606,A46655,SAMPLE-A-0000606,A1,20230127,6563055,0.6206,N,D807,NOTE-80927
00000607,A56840,SAMPLE-A-0000607,C1,20240503,8310775,0.4959,Y,D781,NOTE-61142
00000608,A27700,SAMPLE-A-0000608,A2,20250827,6741900,0.8585,Y,D034,NOTE-68163
00000609,A79926,SAMPLE-A-0000609,A2,20250923,4617721,0.2040,N,D514,NOTE-50353
00000610,A85368,SAMPLE-A-0000610,C1,20230806,6789287,0.3103,Y,D932,NOTE-33058
00000611,A04993,SAMPLE-A-0000611,A1,20240612,0270239,0.1326,N,D591,NOTE-75873
00000612,A03013,SAMPLE-A-0000612,B1,20230314,5503085,0.6428,N,D942,NOTE-68136
00000613,A11534,SAMPLE-A-0000613,B1,20251222,3058160,0.5861,Y,D903,NOTE-95196
00000614,A58655,SAMPLE-A-0000614,A1,20230106,6155132,0.6146,Y,D444,NOTE-79114
00000615,A81134,SAMPLE-A-0000615,B1,20230427,3457640,0.7915,Y,D117,NOTE-63801
00000616,A45945,SAMPLE-A-0000616,B1,20230411,0243430,0.2519,Y,D199,NOTE-30846
00000617,A84347,SAMPLE-A-0000617,C1,20230203,7849871,0.3921,Y,D926,NOTE-58793
00000618,A54444,SAMPLE-A-0000618,C1,20250319,0094645,0.4385,N,D668,NOTE-29154
00000619,A35186,SAMPLE-A-0000619,C1,20251027,3085221,0.9207,Y,D830,NOTE-88555
00000620,A96300,SAMPLE-A-0000620,A2,20230920,8415454,0.6978,N,D813,NOTE-36184
00000621,A41315,SAMPLE-A-0000621,C1,20240601,6708210,0.2866,N,D427,NOTE-45362
00000622,A21589,SAMPLE-A-0000622,C1,20240719,9985153,0.7021,Y,D769,NOTE-01079
00000623,A50170,SAMPLE-A-0000623,A1,20230325,1608364,0.8348,N,D420,NOTE-82983
00000624,A16302,SAMPLE-A-0000624,A2,20230414,0408283,0.3092,N,D111,NOTE-69496
00000625,A95173,SAMPLE-A-0000625,B1,20230202,7636837,0.7869,Y,D081,NOTE-94146
00000626,A07072,SAMPLE-A-0000626,B1,20241019,9194533,0.8882,N,D175,NOTE-36772
00000627,A60497,SAMPLE-A-0000627,B2,20240524,8232189,0.3227,Y,D518,NOTE-36175
00000628,A24660,SAMPLE-A-0000628,A2,20231211,3546030,0.7439,N,D200,NOTE-01042
00000629,A45627,SAMPLE-A-0000629,A2,20250721,1135187,0.6422,N,D153,NOTE-53863
00000630,A21615,SAMPLE-A-0000630,A1,20240726,4607778,0.6849,Y,D308,NOTE-86873
00000631,A05347,SAMPLE-A-0000631,A1,20250522,6878300,0.3528,N,D134,NOTE-25011
00000632,A39247,SAMPLE-A-0000632,B2,20230126,3320884,0.7266,N,D010,NOTE-07631
00000633,A72661,SAMPLE-A-0000633,B1,20250222,1426431,0.3154,N,D399,NOTE-27136
00000634,A55643,SAMPLE-A-0000634,C1,20250919,2959011,0.8500,N,D358,NOTE-24728
00000635,A30883,SAMPLE-A-0000635,C1,20240825,6251513,0.2260,N,D206,NOTE-80689
00000636,A89627,SAMPLE-A-0000636,A2,20241114,1689173,0.1461,Y,D608,NOTE-42314
00000637,A15107,SAMPLE-A-0000637,A1,20230827,4596332,0.7708,N,D716,NOTE-14076
00000638,A57509,SAMPLE-A-0000638,A2,20231113,8143530,0.6712,N,D099,NOTE-30687
00000639,A29816,SAMPLE-A-0000639,A2,20251211,0093923,0.5393,Y,D726,NOTE-33434
00000640,A28881,SAMPLE-A-0000640,B1,20250416,6753892,0.7666,N,D786,NOTE-77358
00000641,A66180,SAMPLE-A-0000641,A1,20250623,4506143,0.6243,Y,D849,NOTE-27341
00000642,A06943,SAMPLE-A-0000642,C1,20250522,6522099,0.7268,N,D324,NOTE-96686
00000643,A63045,SAMPLE-A-0000643,B1,20230603,9618536,0.8965,Y,D234,NOTE-69751
00000644,A61501,SAMPLE-A-0000644,B2,20240717,5121189,0.4485,Y,D371,NOTE-84015
00000645,A20393,SAMPLE-A-0000645,B1,20231105,3085946,0.8332,N,D439,NOTE-96376
00000646,A64384,SAMPLE-A-0000646,B1,20250211,6567813,0.5403,N,D886,NOTE-72509
00000647,A26749,SAMPLE-A-0000647,A1,20230921,8051295,0.5538,N,D566,NOTE-04601
00000648,A35210,SAMPLE-A-0000648,B1,20240410,5017691,0.6936,N,D913,NOTE-96284
00000649,A14330,SAMPLE-A-0000649,A2,20251201,2452247,0.6184,N,D400,NOTE-75960
00000650,A74052,SAMPLE-A-0000650,C1,20231227,9688776,0.8382,N,D679,NOTE-93980
00000651,A55821,SAMPLE-A-0000651,A2,20241005,3105215,0.5470,N,D978,NOTE-31304
00000652,A87802,SAMPLE-A-0000652,A1,20240104,8419462,0.0267,Y,D927,NOTE-46451
00000653,A66719,SAMPLE-A-0000653,A2,20231012,6325899,0.6826,Y,D577,NOTE-59163
00000654,A49344,SAMPLE-A-0000654,B2,20230122,9448413,0.4994,N,D315,NOTE-84109
00000655,A55207,SAMPLE-A-0000655,A2,20231205,1799990,0.0027,Y,D810,NOTE-31189
00000656,A68293,SAMPLE-A-0000656,B1,20230314,9765106,0.9709,N,D120,NOTE-95893
00000657,A58099,SAMPLE-A-0000657,C1,20240827,7926767,0.7924,N,D663,NOTE-14503
00000658,A42542,SAMPLE-A-0000658,A1,20240128,9353965,0.4042,Y,D695,NOTE-59856
00000659,A67101,SAMPLE-A-0000659,B2,20250307,2695477,0.0610,N,D879,NOTE-81644
00000660,A07388,SAMPLE-A-0000660,A1,20240803,8008820,0.8359,Y,D115,NOTE-25824
00000661,A03365,SAMPLE-A-0000661,B2,20241116,6540910,0.4793,Y,D442,NOTE-16362
00000662,A11247,SAMPLE-A-0000662,B2,20240617,4528814,0.2806,N,D040,NOTE-33699
00000663,A58985,SAMPLE-A-0000663,B1,20240104,6619046,0.5159,Y,D138,NOTE-31013
00000664,A59485,SAMPLE-A-0000664,A1,20250608,3456092,0.7723,Y,D355,NOTE-47243
00000665,A61291,SAMPLE-A-0000665,B2,20230514,0904505,0.6794,N,D035,NOTE-53132
00000666,A26651,SAMPLE-A-0000666,C1,20230215,3240635,0.3405,Y,D311,NOTE-88053
00000667,A92649,SAMPLE-A-0000667,A2,20250108,6640587,0.4459,Y,D267,NOTE-31427
00000668,A62092,SAMPLE-A-0000668,B1,20230909,2084957,0.8478,N,D136,NOTE-19401
00000669,A75794,SAMPLE-A-0000669,C1,20230114,9321391,0.3383,Y,D929,NOTE-88232
00000670,A12306,SAMPLE-A-0000670,A2,20251218,2483760,0.4289,Y,D283,NOTE-77789
00000671,A16529,SAMPLE-A-0000671,A1,20240403,9842812,0.9256,Y,D221,NOTE-64356
00000672,A15771,SAMPLE-A-0000672,A1,20240909,2784450,0.2735,Y,D980,NOTE-73061
00000673,A61673,SAMPLE-A-0000673,B2,20250322,1184108,0.9177,Y,D160,NOTE-72633
00000674,A65212,SAMPLE-A-0000674,B2,20240202,7798643,0.7753,Y,D391,NOTE-78501
00000675,A62404,SAMPLE-A-0000675,B1,20230422,1328996,0.9791,Y,D566,NOTE-37890
00000676,A32013,SAMPLE-A-0000676,C1,20230525,6512173,0.5018,N,D564,NOTE-28940
00000677,A92912,SAMPLE-A-0000677,C1,20230508,4469296,0.0507,N,D567,NOTE-35604
00000678,A03170,SAMPLE-A-0000678,B2,20240713,7688512,0.6965,Y,D108,NOTE-91831
00000679,A35929,SAMPLE-A-0000679,B2,20230303,9369050,0.9684,N,D715,NOTE-12024
00000680,A01990,SAMPLE-A-0000680,C1,20250708,6803162,0.3398,N,D099,NOTE-52102
00000681,A80540,SAMPLE-A-0000681,B2,20250626,4097157,0.1599,Y,D950,NOTE-27838
00000682,A50748,SAMPLE-A-0000682,B2,20250126,6637353,0.7664,N,D273,NOTE-08561
00000683,A21876,SAMPLE-A-0000683,A1,20241128,4700017,0.9368,Y,D975,NOTE-33074
00000684,A70875,SAMPLE-A-0000684,A2,20230206,0005798,0.7265,Y,D415,NOTE-22497
00000685,A86691,SAMPLE-A-0000685,C1,20240828,7775226,0.0608,N,D491,NOTE-65399
00000686,A33497,SAMPLE-A-0000686,C1,20251004,1034953,0.9356,N,D742,NOTE-54455
00000687,A94690,SAMPLE-A-0000687,A1,20231008,3199216,0.9614,N,D844,NOTE-36884
00000688,A38383,SAMPLE-A-0000688,B1,20230525,1358051,0.3530,N,D056,NOTE-97211
00000689,A11188,SAMPLE-A-0000689,B2,20250224,9263533,0.7627,Y,D370,NOTE-51593
00000690,A51694,SAMPLE-A-0000690,A2,20240810,1258978,0.4668,N,D712,NOTE-28829
00000691,A74834,SAMPLE-A-0000691,C1,20251204,4222776,0.0476,N,D816,NOTE-28182
00000692,A44122,SAMPLE-A-0000692,A1,20250405,9596259,0.1581,Y,D373,NOTE-37851
00000693,A05538,SAMPLE-A-0000693,B2,20230825,7141320,0.4148,N,D637,NOTE-95854
00000694,A92379,SAMPLE-A-0000694,B1,20241222,1145367,0.0704,N,D514,NOTE-78091
00000695,A73675,SAMPLE-A-0000695,C1,20240304,7935521,0.9945,N,D084,NOTE-39219
00000696,A11100,SAMPLE-A-0000696,B1,20250118,9879784,0.4145,Y,D394,NOTE-71165
00000697,A92948,SAMPLE-A-0000697,A1,20250917,2484680,0.5776,N,D655,NOTE-72516
00000698,A35430,SAMPLE-A-0000698,B2,20240526,4563302,0.8759,Y,D660,NOTE-61500
00000699,A98508,SAMPLE-A-0000699,B2,20250701,7846525,0.6662,N,D207,NOTE-55608
00000700,A32707,SAMPLE-A-0000700,B1,20230705,3279900,0.4276,N,D202,NOTE-20372
00000701,A11471,SAMPLE-A-0000701,B1,20231014,1163743,0.4589,Y,D064,NOTE-85928
00000702,A96175,SAMPLE-A-0000702,B2,20241021,4185756,0.4474,N,D785,NOTE-86248
00000703,A25672,SAMPLE-A-0000703,A2,20240909,6669268,0.4115,Y,D418,NOTE-05223
00000704,A80996,SAMPLE-A-0000704,B2,20250812,4364337,0.4005,Y,D804,NOTE-03588
00000705,A67073,SAMPLE-A-0000705,A1,20230321,2508190,0.6796,N,D027,NOTE-26534
00000706,A48064,SAMPLE-A-0000706,B1,20240106,4347516,0.7043,Y,D686,NOTE-66562
00000707,A13933,SAMPLE-A-0000707,C1,20250714,7434243,0.1657,N,D057,NOTE-55629
00000708,A47995,SAMPLE-A-0000708,A2,20230301,2930762,0.9952,N,D057,NOTE-69743
00000709,A15577,SAMPLE-A-0000709,A1,20250403,5778031,0.0641,Y,D711,NOTE-24479
00000710,A27117,SAMPLE-A-0000710,C1,20240218,9143259,0.9023,Y,D866,NOTE-33200
00000711,A32825,SAMPLE-A-0000711,A1,20250304,1344085,0.0575,Y,D576,NOTE-63684
00000712,A44106,SAMPLE-A-0000712,A1,20231202,7857561,0.0835,Y,D341,NOTE-68270
00000713,A50727,SAMPLE-A-0000713,A1,20240327,5803636,0.1877,Y,D764,NOTE-21085
00000714,A99776,SAMPLE-A-0000714,A2,20251128,7979865,0.8741,N,D282,NOTE-26677
00000715,A02408,SAMPLE-A-0000715,A2,20251026,1237834,0.0675,Y,D434,NOTE-79920
00000716,A73723,SAMPLE-A-0000716,B1,20251018,6824459,0.4054,N,D350,NOTE-59528
00000717,A37186,SAMPLE-A-0000717,C1,20250711,4205615,0.3566,N,D307,NOTE-47417
00000718,A36095,SAMPLE-A-0000718,B1,20230228,2644033,0.9817,Y,D494,NOTE-94937
00000719,A61680,SAMPLE-A-0000719,A2,20240826,4590747,0.6384,N,D597,NOTE-73644
00000720,A56218,SAMPLE-A-0000720,B2,20240911,7511167,0.5552,N,D348,NOTE-14005
00000721,A86922,SAMPLE-A-0000721,A1,20241120,0554733,0.3745,Y,D326,NOTE-47408
00000722,A30152,SAMPLE-A-0000722,C1,20230911,2444189,0.8678,N,D650,NOTE-86515
00000723,A05012,SAMPLE-A-0000723,B1,20230817,6054034,0.1191,Y,D746,NOTE-66177
00000724,A09903,SAMPLE-A-0000724,A2,20230813,1370443,0.6643,Y,D336,NOTE-00669
00000725,A42956,SAMPLE-A-0000725,B2,20250704,8826303,0.8402,N,D798,NOTE-87183
00000726,A10308,SAMPLE-A-0000726,A2,20251203,2690127,0.0845,Y,D890,NOTE-54277
00000727,A76584,SAMPLE-A-0000727,B2,20241214,4243273,0.0460,N,D065,NOTE-96056
00000728,A44597,SAMPLE-A-0000728,B2,20251103,1536297,0.4606,N,D288,NOTE-02725
00000729,A27356,SAMPLE-A-0000729,A1,20240521,8851044,0.9542,N,D530,NOTE-68526
00000730,A57584,SAMPLE-A-0000730,A1,20230204,5878778,0.5320,N,D096,NOTE-16421
00000731,A66610,SAMPLE-A-0000731,B2,20230328,9433392,0.4160,N,D550,NOTE-96417
00000732,A07937,SAMPLE-A-0000732,A1,20240303,4741076,0.6585,Y,D625,NOTE-65088
00000733,A52979,SAMPLE-A-0000733,C1,20250623,2219673,0.3640,Y,D902,NOTE-52004
00000734,A25511,SAMPLE-A-0000734,A2,20250117,5897127,0.6548,N,D188,NOTE-30072
00000735,A68483,SAMPLE-A-0000735,A1,20240311,8047119,0.6421,Y,D798,NOTE-31141
00000736,A51981,SAMPLE-A-0000736,C1,20250320,5949984,0.9746,N,D083,NOTE-04650
00000737,A39426,SAMPLE-A-0000737,B2,20230512,3996765,0.6674,N,D030,NOTE-88168
00000738,A81950,SAMPLE-A-0000738,B2,20250808,5992240,0.1620,Y,D278,NOTE-73708
00000739,A86144,SAMPLE-A-0000739,B1,20240825,8822918,0.8852,N,D761,NOTE-33428
00000740,A90234,SAMPLE-A-0000740,B2,20250824,4328386,0.6917,Y,D418,NOTE-83050
00000741,A04547,SAMPLE-A-0000741,B2,20250203,1776020,0.6079,Y,D581,NOTE-02541
00000742,A66172,SAMPLE-A-0000742,B2,20241216,6017861,0.3032,N,D040,NOTE-55868
00000743,A06037,SAMPLE-A-0000743,A1,20240326,2537712,0.8193,Y,D291,NOTE-77426
00000744,A10404,SAMPLE-A-0000744,B1,20241109,9516361,0.3209,Y,D341,NOTE-68629
00000745,A37908,SAMPLE-A-0000745,A2,20230316,7193318,0.7144,N,D288,NOTE-99024
00000746,A84705,SAMPLE-A-0000746,A2,20230802,8910788,0.5391,Y,D451,NOTE-05144
00000747,A72781,SAMPLE-A-0000747,A1,20240215,2823965,0.8941,Y,D302,NOTE-55338
00000748,A77714,SAMPLE-A-0000748,B1,20230326,8148426,0.0700,N,D893,NOTE-65747
00000749,A52222,SAMPLE-A-0000749,B1,20230305,5890653,0.6101,Y,D486,NOTE-20472
00000750,A22784,SAMPLE-A-0000750,C1,20250622,8927449,0.3699,Y,D689,NOTE-27176
00000751,A54941,SAMPLE-A-0000751,A1,20230125,0489268,0.7450,Y,D749,NOTE-03789
00000752,A94690,SAMPLE-A-0000752,B1,20240715,8972815,0.2141,Y,D955,NOTE-19249
00000753,A43026,SAMPLE-A-0000753,B2,20241220,7402441,0.4535,Y,D295,NOTE-96358
00000754,A90927,SAMPLE-A-0000754,A2,20250501,9087114,0.4347,Y,D235,NOTE-27669
00000755,A75799,SAMPLE-A-0000755,A1,20231019,7443589,0.3809,Y,D068,NOTE-44265
00000756,A83892,SAMPLE-A-0000756,A1,20230303,2704443,0.9944,N,D706,NOTE-04312
00000757,A41943,SAMPLE-A-0000757,C1,20240810,0511678,0.7817,N,D275,NOTE-63134
00000758,A84654,SAMPLE-A-0000758,B1,20251014,4007946,0.7351,Y,D346,NOTE-11073
00000759,A83652,SAMPLE-A-0000759,A1,20240227,6090948,0.3414,N,D346,NOTE-00101
00000760,A19467,SAMPLE-A-0000760,C1,20240820,2721608,0.0820,N,D344,NOTE-45615
00000761,A00483,SAMPLE-A-0000761,A1,20240313,0141651,0.6381,Y,D982,NOTE-64168
00000762,A13375,SAMPLE-A-0000762,A1,20230511,1901587,0.9090,N,D537,NOTE-37391
00000763,A78088,SAMPLE-A-0000763,B1,20231219,6102152,0.4154,Y,D176,NOTE-12995
00000764,A47500,SAMPLE-A-0000764,B1,20240917,1547577,0.6607,Y,D833,NOTE-06343
00000765,A40266,SAMPLE-A-0000765,A2,20250328,3838016,0.4470,N,D543,NOTE-58754
00000766,A49965,SAMPLE-A-0000766,B2,20230226,7350802,0.6382,N,D173,NOTE-02648
00000767,A78315,SAMPLE-A-0000767,C1,20240507,9059545,0.1560,N,D435,NOTE-50201
00000768,A58986,SAMPLE-A-0000768,B2,20240910,5964281,0.4683,Y,D209,NOTE-22357
00000769,A53482,SAMPLE-A-0000769,B2,20231020,3583907,0.7069,Y,D870,NOTE-99201
00000770,A92993,SAMPLE-A-0000770,C1,20230118,5751704,0.0205,Y,D243,NOTE-12454
00000771,A67285,SAMPLE-A-0000771,B2,20230405,9017480,0.6875,Y,D212,NOTE-77234
00000772,A28248,SAMPLE-A-0000772,A1,20240607,4464474,0.3694,N,D652,NOTE-25111
00000773,A26947,SAMPLE-A-0000773,B2,20241011,2289117,0.0246,N,D156,NOTE-37743
00000774,A12019,SAMPLE-A-0000774,C1,20230202,5382957,0.7905,Y,D175,NOTE-94592
00000775,A88808,SAMPLE-A-0000775,A1,20240419,7911815,0.8808,N,D339,NOTE-67609
00000776,A82961,SAMPLE-A-0000776,B2,20230912,3965631,0.5938,N,D973,NOTE-65553
00000777,A06203,SAMPLE-A-0000777,C1,20231211,2313514,0.0467,Y,D699,NOTE-51460
00000778,A09948,SAMPLE-A-0000778,A2,20250522,9031008,0.9588,N,D462,NOTE-71864
00000779,A55524,SAMPLE-A-0000779,B1,20230214,2313303,0.8676,Y,D268,NOTE-66770
00000780,A95611,SAMPLE-A-0000780,B2,20240324,7891986,0.1797,Y,D671,NOTE-21868
00000781,A90818,SAMPLE-A-0000781,A2,20240406,5273079,0.8924,N,D775,NOTE-68286
00000782,A91438,SAMPLE-A-0000782,B1,20230704,9186677,0.3016,N,D491,NOTE-84069
00000783,A00538,SAMPLE-A-0000783,B1,20230223,0625101,0.6098,N,D891,NOTE-45787
00000784,A10337,SAMPLE-A-0000784,A2,20230109,9111495,0.6934,N,D336,NOTE-67101
00000785,A81657,SAMPLE-A-0000785,A2,20251003,6605458,0.7631,Y,D759,NOTE-93943
00000786,A27538,SAMPLE-A-0000786,A2,20231123,8422742,0.5920,N,D768,NOTE-76569
00000787,A03433,SAMPLE-A-0000787,B2,20230219,2426781,0.2872,N,D721,NOTE-42508
00000788,A65370,SAMPLE-A-0000788,B1,20240702,7939136,0.3585,Y,D033,NOTE-64267
00000789,A22363,SAMPLE-A-0000789,A1,20240911,5384693,0.5472,N,D781,NOTE-60956
00000790,A57221,SAMPLE-A-0000790,A2,20250103,3742294,0.1116,N,D807,NOTE-41869
00000791,A29937,SAMPLE-A-0000791,B2,20251218,5828302,0.2621,Y,D451,NOTE-66878
00000792,A05911,SAMPLE-A-0000792,A1,20231104,2602736,0.1773,Y,D776,NOTE-25385
00000793,A64320,SAMPLE-A-0000793,B1,20240422,0435565,0.8548,N,D257,NOTE-37752
00000794,A36801,SAMPLE-A-0000794,B2,20240505,2454059,0.0715,Y,D596,NOTE-63375
00000795,A30109,SAMPLE-A-0000795,B1,20240613,5467938,0.8802,N,D524,NOTE-12553
00000796,A48840,SAMPLE-A-0000796,A2,20240426,0775945,0.0664,N,D720,NOTE-04458
00000797,A16922,SAMPLE-A-0000797,B2,20230608,8262731,0.1337,Y,D089,NOTE-99115
00000798,A80982,SAMPLE-A-0000798,B2,20240216,2464473,0.2726,Y,D845,NOTE-11655
00000799,A86983,SAMPLE-A-0000799,B1,20230827,9132307,0.1079,Y,D994,NOTE-68582
00000800,A46938,SAMPLE-A-0000800,B1,20240309,2519766,0.8561,Y,D306,NOTE-60249
00000801,A70472,SAMPLE-A-0000801,B2,20241219,0032211,0.7600,N,D648,NOTE-52308
00000802,A33987,SAMPLE-A-0000802,A2,20250204,7075827,0.5431,Y,D113,NOTE-19664
00000803,A62858,SAMPLE-A-0000803,C1,20240614,0406220,0.0309,N,D097,NOTE-46491
00000804,A34560,SAMPLE-A-0000804,A1,20241221,5920777,0.8820,N,D571,NOTE-54964
00000805,A80744,SAMPLE-A-0000805,B1,20240303,3349148,0.5789,Y,D313,NOTE-49047
00000806,A87168,SAMPLE-A-0000806,C1,20250310,7101320,0.4731,Y,D485,NOTE-99323
00000807,A45982,SAMPLE-A-0000807,C1,20240627,8589409,0.9507,Y,D960,NOTE-19353
00000808,A08874,SAMPLE-A-0000808,B2,20231227,5551166,0.6584,Y,D742,NOTE-06719
00000809,A17763,SAMPLE-A-0000809,B1,20230213,3760089,0.8041,Y,D543,NOTE-89632
00000810,A65134,SAMPLE-A-0000810,A1,20230123,5452473,0.7374,N,D743,NOTE-26020
00000811,A32498,SAMPLE-A-0000811,A2,20250628,3907297,0.5327,Y,D281,NOTE-08460
00000812,A18242,SAMPLE-A-0000812,C1,20240910,9214857,0.6570,N,D598,NOTE-18040
00000813,A67564,SAMPLE-A-0000813,C1,20241028,6852206,0.6602,N,D313,NOTE-86235
00000814,A39362,SAMPLE-A-0000814,A1,20230618,0528798,0.3989,Y,D601,NOTE-32660
00000815,A58491,SAMPLE-A-0000815,A1,20240418,2538568,0.4420,N,D895,NOTE-81843
00000816,A48105,SAMPLE-A-0000816,B2,20240126,0563991,0.2828,N,D173,NOTE-61572
00000817,A89045,SAMPLE-A-0000817,B2,20241109,8448273,0.9253,Y,D662,NOTE-75106
00000818,A35729,SAMPLE-A-0000818,B1,20230521,0140626,0.5834,N,D959,NOTE-49173
00000819,A63975,SAMPLE-A-0000819,C1,20240121,4018871,0.9859,Y,D319,NOTE-82709
00000820,A12154,SAMPLE-A-0000820,C1,20240510,9329527,0.3831,Y,D061,NOTE-92487
00000821,A63554,SAMPLE-A-0000821,C1,20230108,7028396,0.7614,N,D712,NOTE-76398
00000822,A47346,SAMPLE-A-0000822,B1,20230224,0116860,0.5353,N,D729,NOTE-66442
00000823,A13935,SAMPLE-A-0000823,B2,20250512,7160968,0.8256,N,D726,NOTE-77805
00000824,A17761,SAMPLE-A-0000824,A1,20240203,8699021,0.6458,N,D288,NOTE-17776
00000825,A45456,SAMPLE-A-0000825,B1,20240601,1692956,0.7338,N,D552,NOTE-76362
00000826,A90328,SAMPLE-A-0000826,A1,20231021,3499999,0.8556,N,D482,NOTE-48149
00000827,A39460,SAMPLE-A-0000827,A1,20240414,7177493,0.6812,N,D594,NOTE-42627
00000828,A68492,SAMPLE-A-0000828,B1,20230628,2623361,0.0877,Y,D274,NOTE-58571
00000829,A94291,SAMPLE-A-0000829,B1,20230809,9875381,0.2743,Y,D807,NOTE-81996
00000830,A30330,SAMPLE-A-0000830,C1,20240809,3787412,0.8960,N,D268,NOTE-90691
00000831,A99259,SAMPLE-A-0000831,B2,20231007,5610316,0.9289,Y,D729,NOTE-47085
00000832,A08387,SAMPLE-A-0000832,B2,20251103,4104069,0.8655,N,D162,NOTE-69679
00000833,A17832,SAMPLE-A-0000833,A1,20230112,1344834,0.3910,N,D746,NOTE-41399
00000834,A31905,SAMPLE-A-0000834,B1,20251208,3037732,0.3944,Y,D018,NOTE-82087
00000835,A70937,SAMPLE-A-0000835,B1,20240423,7295147,0.9168,N,D679,NOTE-20269
00000836,A98961,SAMPLE-A-0000836,A1,20230902,1754815,0.3529,Y,D183,NOTE-83345
00000837,A23859,SAMPLE-A-0000837,B2,20230405,4994643,0.9835,Y,D235,NOTE-62452
00000838,A00069,SAMPLE-A-0000838,C1,20241205,8475524,0.0180,N,D604,NOTE-80604
00000839,A04382,SAMPLE-A-0000839,A2,20240704,0172509,0.9509,Y,D725,NOTE-84698
00000840,A49062,SAMPLE-A-0000840,A2,20240705,7335998,0.0853,Y,D813,NOTE-62344
00000841,A98975,SAMPLE-A-0000841,B1,20250118,5175051,0.6076,N,D666,NOTE-66244
00000842,A73664,SAMPLE-A-0000842,C1,20231210,7187433,0.1667,Y,D439,NOTE-02287
00000843,A50171,SAMPLE-A-0000843,A1,20230913,0193026,0.8153,Y,D953,NOTE-57368
00000844,A76347,SAMPLE-A-0000844,A1,20230305,5769623,0.3552,N,D178,NOTE-05484
00000845,A53640,SAMPLE-A-0000845,A1,20250125,3002250,0.2993,Y,D675,NOTE-44411
00000846,A14077,SAMPLE-A-0000846,A1,20250619,1850953,0.0111,Y,D247,NOTE-46812
00000847,A08773,SAMPLE-A-0000847,A1,20250725,3724083,0.9422,N,D379,NOTE-84244
00000848,A20091,SAMPLE-A-0000848,C1,20230212,7383540,0.2825,Y,D214,NOTE-46697
00000849,A05010,SAMPLE-A-0000849,B1,20240923,9768912,0.3371,Y,D237,NOTE-82541
00000850,A78770,SAMPLE-A-0000850,C1,20240814,1808962,0.9023,Y,D143,NOTE-60223
00000851,A09242,SAMPLE-A-0000851,C1,20241109,5272442,0.2637,Y,D741,NOTE-20540
00000852,A16957,SAMPLE-A-0000852,B1,20230723,0391912,0.1660,N,D533,NOTE-47680
00000853,A44552,SAMPLE-A-0000853,A1,20241214,8215754,0.3956,N,D669,NOTE-22584
00000854,A24317,SAMPLE-A-0000854,A1,20240912,1437687,0.2691,Y,D758,NOTE-42727
00000855,A88461,SAMPLE-A-0000855,A1,20250323,3183281,0.3066,N,D764,NOTE-30776
00000856,A59577,SAMPLE-A-0000856,B2,20241214,0155501,0.6672,N,D208,NOTE-12253
00000857,A75802,SAMPLE-A-0000857,A2,20251207,7712983,0.6833,Y,D514,NOTE-49736
00000858,A66630,SAMPLE-A-0000858,A2,20250311,5088906,0.0150,N,D606,NOTE-88606
00000859,A71185,SAMPLE-A-0000859,A1,20251011,8629888,0.4582,Y,D661,NOTE-48731
00000860,A50635,SAMPLE-A-0000860,C1,20230805,3819064,0.0515,Y,D788,NOTE-39829
00000861,A75130,SAMPLE-A-0000861,C1,20250327,1458477,0.2690,N,D718,NOTE-85482
00000862,A77841,SAMPLE-A-0000862,A1,20231021,5241279,0.6682,N,D682,NOTE-67059
00000863,A41513,SAMPLE-A-0000863,B2,20230413,7273606,0.3724,N,D582,NOTE-19527
00000864,A15754,SAMPLE-A-0000864,B1,20240812,5426357,0.1028,N,D858,NOTE-46954
00000865,A36673,SAMPLE-A-0000865,A1,20251226,2796256,0.5373,Y,D337,NOTE-78595
00000866,A12254,SAMPLE-A-0000866,A2,20250709,4606336,0.0866,N,D905,NOTE-23489
00000867,A15126,SAMPLE-A-0000867,B2,20240913,8742502,0.6890,N,D950,NOTE-23509
00000868,A96946,SAMPLE-A-0000868,A1,20240905,3402550,0.6239,Y,D778,NOTE-89104
00000869,A64613,SAMPLE-A-0000869,A1,20230602,1770683,0.0662,N,D333,NOTE-74026
00000870,A14615,SAMPLE-A-0000870,C1,20230905,4899277,0.9342,N,D394,NOTE-31963
00000871,A43611,SAMPLE-A-0000871,A1,20231202,1881944,0.5327,Y,D763,NOTE-18381
00000872,A20622,SAMPLE-A-0000872,B1,20250705,8726701,0.8467,Y,D838,NOTE-10476
00000873,A45645,SAMPLE-A-0000873,B1,20240611,6296186,0.7234,N,D623,NOTE-90392
00000874,A19769,SAMPLE-A-0000874,A2,20230610,8247196,0.2821,Y,D354,NOTE-83219
00000875,A87295,SAMPLE-A-0000875,B1,20250908,1526388,0.6244,N,D545,NOTE-93455
00000876,A22041,SAMPLE-A-0000876,B2,20240216,7354446,0.9254,N,D729,NOTE-99178
00000877,A06242,SAMPLE-A-0000877,A2,20231220,4453137,0.2687,Y,D272,NOTE-12344
00000878,A02187,SAMPLE-A-0000878,C1,20240418,8653874,0.2440,Y,D787,NOTE-60519
00000879,A44059,SAMPLE-A-0000879,B2,20251215,0349835,0.3569,Y,D258,NOTE-93917
00000880,A57379,SAMPLE-A-0000880,A2,20250609,8839331,0.9767,Y,D745,NOTE-06495
00000881,A16634,SAMPLE-A-0000881,C1,20230515,6346544,0.1454,N,D919,NOTE-30010
00000882,A05842,SAMPLE-A-0000882,C1,20241111,7904242,0.6385,Y,D170,NOTE-14971
00000883,A13631,SAMPLE-A-0000883,C1,20250107,6671276,0.6583,N,D936,NOTE-92962
00000884,A24559,SAMPLE-A-0000884,A1,20240205,1913551,0.4450,N,D619,NOTE-07007
00000885,A31537,SAMPLE-A-0000885,A2,20230411,9600897,0.6259,Y,D704,NOTE-59891
00000886,A76417,SAMPLE-A-0000886,C1,20231116,2958962,0.3773,Y,D863,NOTE-57288
00000887,A53260,SAMPLE-A-0000887,B1,20250912,4776747,0.7917,Y,D049,NOTE-98552
00000888,A87797,SAMPLE-A-0000888,C1,20241120,2065644,0.0254,Y,D018,NOTE-17543
00000889,A41885,SAMPLE-A-0000889,C1,20230426,9357126,0.0071,Y,D514,NOTE-83054
00000890,A06109,SAMPLE-A-0000890,C1,20250918,1900043,0.1387,N,D562,NOTE-40878
00000891,A87066,SAMPLE-A-0000891,A2,20230221,4930336,0.3297,Y,D356,NOTE-00457
00000892,A96202,SAMPLE-A-0000892,A2,20241125,0504486,0.3032,N,D640,NOTE-44139
00000893,A42260,SAMPLE-A-0000893,B1,20250909,3036060,0.1304,N,D101,NOTE-37159
00000894,A19659,SAMPLE-A-0000894,B2,20240907,6451079,0.3847,Y,D003,NOTE-48793
00000895,A18211,SAMPLE-A-0000895,A1,20250322,8330801,0.5382,N,D141,NOTE-63459
00000896,A73220,SAMPLE-A-0000896,A2,20240703,9908346,0.4013,Y,D620,NOTE-99251
00000897,A61325,SAMPLE-A-0000897,C1,20240410,2944330,0.8692,N,D058,NOTE-08514
00000898,A06891,SAMPLE-A-0000898,A2,20250215,4624936,0.2107,Y,D514,NOTE-25264
00000899,A25214,SAMPLE-A-0000899,C1,20241006,8362288,0.7041,N,D662,NOTE-49454
00000900,A41943,SAMPLE-A-0000900,A1,20240426,3354822,0.6392,N,D116,NOTE-60314
00000901,A81465,SAMPLE-A-0000901,B2,20250413,1035081,0.9545,Y,D833,NOTE-85759
00000902,A47732,SAMPLE-A-0000902,A2,20250601,5039157,0.1079,Y,D932,NOTE-86567
00000903,A72140,SAMPLE-A-0000903,B1,20230513,6735630,0.5942,Y,D506,NOTE-76326
00000904,A33632,SAMPLE-A-0000904,A2,20240501,3900659,0.5876,N,D288,NOTE-36311
00000905,A59721,SAMPLE-A-0000905,B1,20241111,1195966,0.5949,Y,D805,NOTE-29551
00000906,A22946,SAMPLE-A-0000906,C1,20240209,8244208,0.9682,N,D673,NOTE-50702
00000907,A27717,SAMPLE-A-0000907,B2,20250222,1789446,0.4027,Y,D041,NOTE-09375
00000908,A72455,SAMPLE-A-0000908,B2,20240103,7089206,0.1055,N,D937,NOTE-31299
00000909,A31438,SAMPLE-A-0000909,A2,20250725,4609739,0.4038,N,D385,NOTE-45894
00000910,A09776,SAMPLE-A-0000910,C1,20241115,7888906,0.8337,Y,D248,NOTE-56314
00000911,A99855,SAMPLE-A-0000911,B1,20230709,9700068,0.4104,N,D967,NOTE-20540
00000912,A50300,SAMPLE-A-0000912,B1,20231223,8525371,0.0184,N,D707,NOTE-21446
00000913,A61851,SAMPLE-A-0000913,A1,20240304,5811462,0.5705,Y,D384,NOTE-36310
00000914,A59327,SAMPLE-A-0000914,B1,20230119,8359926,0.2158,N,D588,NOTE-23499
00000915,A74340,SAMPLE-A-0000915,B1,20240120,1316332,0.5359,Y,D269,NOTE-59587
00000916,A46162,SAMPLE-A-0000916,B2,20250223,6939604,0.4875,Y,D133,NOTE-27664
00000917,A43374,SAMPLE-A-0000917,B2,20251103,4201881,0.1578,N,D726,NOTE-78207
00000918,A70558,SAMPLE-A-0000918,C1,20240312,2968187,0.7829,N,D360,NOTE-55119
00000919,A41558,SAMPLE-A-0000919,A2,20230704,4782389,0.3668,N,D662,NOTE-09526
00000920,A71838,SAMPLE-A-0000920,B2,20250319,1730357,0.1046,N,D516,NOTE-22942
00000921,A06268,SAMPLE-A-0000921,B1,20251102,9649024,0.2990,N,D702,NOTE-47934
00000922,A22706,SAMPLE-A-0000922,C1,20241127,1140164,0.3440,N,D493,NOTE-60549
00000923,A36471,SAMPLE-A-0000923,A1,20231124,5070586,0.0392,N,D613,NOTE-39510
00000924,A74129,SAMPLE-A-0000924,B2,20250412,9887213,0.3809,Y,D599,NOTE-95583
00000925,A55177,SAMPLE-A-0000925,B1,20240125,8001119,0.5315,Y,D653,NOTE-41018
00000926,A33977,SAMPLE-A-0000926,C1,20241227,1292657,0.0108,N,D026,NOTE-63645
00000927,A28606,SAMPLE-A-0000927,A2,20250416,8341387,0.1725,Y,D693,NOTE-69263
00000928,A79888,SAMPLE-A-0000928,C1,20230922,1321834,0.5563,Y,D399,NOTE-51485
00000929,A24559,SAMPLE-A-0000929,B2,20230903,8847062,0.8074,N,D155,NOTE-74117
00000930,A49225,SAMPLE-A-0000930,B1,20251223,6272731,0.3853,Y,D621,NOTE-25623
00000931,A03026,SAMPLE-A-0000931,A1,20230323,9751730,0.6844,N,D874,NOTE-11254
00000932,A50745,SAMPLE-A-0000932,C1,20250710,4969597,0.8909,Y,D878,NOTE-43513
00000933,A53797,SAMPLE-A-0000933,B2,20250622,2818368,0.1639,Y,D853,NOTE-59983
00000934,A59288,SAMPLE-A-0000934,B2,20240801,6440945,0.5184,N,D178,NOTE-25544
00000935,A98634,SAMPLE-A-0000935,A2,20240721,8449225,0.3865,Y,D791,NOTE-83705
00000936,A09818,SAMPLE-A-0000936,A1,20230210,5249955,0.5345,Y,D807,NOTE-57627
00000937,A00409,SAMPLE-A-0000937,B2,20230306,2863472,0.4752,Y,D853,NOTE-71269
00000938,A85123,SAMPLE-A-0000938,C1,20240113,4282382,0.4967,Y,D058,NOTE-35770
00000939,A41864,SAMPLE-A-0000939,B2,20230218,3116985,0.7829,Y,D405,NOTE-38869
00000940,A53343,SAMPLE-A-0000940,A2,20240423,2946244,0.5636,N,D754,NOTE-37134
00000941,A76422,SAMPLE-A-0000941,B1,20250513,6053017,0.3549,Y,D886,NOTE-58337
00000942,A14224,SAMPLE-A-0000942,C1,20250628,9728373,0.7403,Y,D976,NOTE-56679
00000943,A73246,SAMPLE-A-0000943,C1,20230524,1416656,0.2210,N,D406,NOTE-47166
00000944,A11844,SAMPLE-A-0000944,B1,20240308,9809195,0.6789,Y,D225,NOTE-27682
00000945,A38074,SAMPLE-A-0000945,A1,20230817,7396981,0.3647,Y,D760,NOTE-83006
00000946,A74936,SAMPLE-A-0000946,A1,20240801,9497014,0.4563,Y,D060,NOTE-99040
00000947,A51912,SAMPLE-A-0000947,A1,20231025,2706527,0.4377,Y,D955,NOTE-91081
00000948,A73946,SAMPLE-A-0000948,B2,20250924,8487428,0.0432,N,D092,NOTE-96269
00000949,A86710,SAMPLE-A-0000949,C1,20250915,5651704,0.5888,N,D547,NOTE-91005
00000950,A97804,SAMPLE-A-0000950,B1,20240921,8992099,0.5727,Y,D016,NOTE-44911
00000951,A08732,SAMPLE-A-0000951,A1,20251102,6368240,0.0398,N,D895,NOTE-85567
00000952,A50306,SAMPLE-A-0000952,C1,20240417,8640033,0.9052,N,D232,NOTE-78902
00000953,A86082,SAMPLE-A-0000953,B1,20251204,0957327,0.9653,Y,D655,NOTE-62072
00000954,A61345,SAMPLE-A-0000954,A2,20250310,2981455,0.2874,N,D182,NOTE-93553
00000955,A66084,SAMPLE-A-0000955,C1,20231217,6520613,0.5010,Y,D971,NOTE-51950
00000956,A48276,SAMPLE-A-0000956,C1,20250220,1563365,0.9063,Y,D062,NOTE-64253
00000957,A31840,SAMPLE-A-0000957,B2,20230902,9604873,0.7806,N,D524,NOTE-49336
00000958,A47295,SAMPLE-A-0000958,A2,20250319,3001852,0.6278,N,D768,NOTE-02554
00000959,A57516,SAMPLE-A-0000959,B2,20250227,4305571,0.9847,N,D713,NOTE-26826
00000960,A95255,SAMPLE-A-0000960,C1,20241206,3262170,0.0832,N,D869,NOTE-24856
00000961,A00363,SAMPLE-A-0000961,A1,20250818,0549077,0.8897,Y,D244,NOTE-83988
00000962,A95886,SAMPLE-A-0000962,C1,20250712,3097125,0.4150,N,D099,NOTE-68153
00000963,A58260,SAMPLE-A-0000963,C1,20240618,6176539,0.7526,N,D757,NOTE-34244
00000964,A82705,SAMPLE-A-0000964,A1,20251027,1680083,0.6147,Y,D619,NOTE-54206
00000965,A66476,SAMPLE-A-0000965,B1,20230228,4227514,0.7554,N,D041,NOTE-41946
00000966,A09890,SAMPLE-A-0000966,A2,20240215,7625484,0.6058,N,D380,NOTE-68925
00000967,A80549,SAMPLE-A-0000967,A1,20251024,9642980,0.7123,Y,D696,NOTE-51445
00000968,A55856,SAMPLE-A-0000968,B2,20241020,6600930,0.3119,Y,D958,NOTE-98782
00000969,A49942,SAMPLE-A-0000969,B2,20230501,3992991,0.0934,N,D715,NOTE-88553
00000970,A30256,SAMPLE-A-0000970,C1,20231022,5731969,0.2105,Y,D495,NOTE-74242
00000971,A06168,SAMPLE-A-0000971,C1,20240828,9932952,0.4752,N,D533,NOTE-22632
00000972,A28642,SAMPLE-A-0000972,A1,20230509,4624187,0.5818,N,D869,NOTE-92924
00000973,A24858,SAMPLE-A-0000973,A1,20250210,2870014,0.9451,Y,D301,NOTE-39272
00000974,A62402,SAMPLE-A-0000974,A2,20231118,1062626,0.5860,Y,D492,NOTE-96150
00000975,A80956,SAMPLE-A-0000975,B1,20250414,3071946,0.2613,Y,D252,NOTE-22624
00000976,A32721,SAMPLE-A-0000976,A1,20250221,6192200,0.8723,Y,D604,NOTE-94124
00000977,A44124,SAMPLE-A-0000977,C1,20250325,9002103,0.7058,N,D822,NOTE-93955
00000978,A54615,SAMPLE-A-0000978,B2,20251201,0879210,0.5957,Y,D039,NOTE-37849
00000979,A79550,SAMPLE-A-0000979,A1,20231123,4286458,0.1235,N,D986,NOTE-34483
00000980,A56407,SAMPLE-A-0000980,B1,20240605,9575611,0.9430,N,D229,NOTE-40966
00000981,A90372,SAMPLE-A-0000981,A1,20251005,7549550,0.5135,Y,D428,NOTE-95023
00000982,A73362,SAMPLE-A-0000982,B1,20250803,0637279,0.8169,Y,D101,NOTE-45713
00000983,A22968,SAMPLE-A-0000983,B2,20230703,3186520,0.7041,Y,D102,NOTE-18617
00000984,A46377,SAMPLE-A-0000984,B2,20241109,9989328,0.7114,N,D861,NOTE-19418
00000985,A40890,SAMPLE-A-0000985,B2,20250220,7447147,0.8139,Y,D713,NOTE-83059
00000986,A75292,SAMPLE-A-0000986,B2,20240401,4299842,0.4572,N,D779,NOTE-33110
00000987,A49222,SAMPLE-A-0000987,A1,20240724,7715351,0.0525,Y,D822,NOTE-60612
00000988,A91213,SAMPLE-A-0000988,C1,20240719,3111140,0.8844,N,D272,NOTE-81805
00000989,A46231,SAMPLE-A-0000989,A1,20240416,0929721,0.0836,N,D037,NOTE-24691
00000990,A57659,SAMPLE-A-0000990,C1,20250221,4074548,0.7139,Y,D724,NOTE-06242
00000991,A47579,SAMPLE-A-0000991,A1,20230927,5885742,0.0954,N,D323,NOTE-03084
00000992,A67585,SAMPLE-A-0000992,C1,20230628,4378441,0.7966,N,D827,NOTE-14191
00000993,A09357,SAMPLE-A-0000993,A2,20251005,2128196,0.2487,Y,D075,NOTE-27806
00000994,A46281,SAMPLE-A-0000994,B2,20250501,4345064,0.0120,N,D118,NOTE-93297
00000995,A81403,SAMPLE-A-0000995,A2,20250427,7833037,0.2849,Y,D803,NOTE-34862
00000996,A97721,SAMPLE-A-0000996,A1,20230621,3075234,0.0505,Y,D044,NOTE-11996
00000997,A54295,SAMPLE-A-0000997,B1,20240814,0513895,0.2056,N,D289,NOTE-66782
00000998,A34412,SAMPLE-A-0000998,A2,20230419,3731506,0.0839,N,D203,NOTE-52705
00000999,A76994,SAMPLE-A-0000999,A2,20250719,0972319,0.2598,N,D057,NOTE-97181
00001000,A54982,SAMPLE-A-0001000,C1,20241205,7885858,0.8436,N,D683,NOTE-72521
